arts,https://itunes.apple.com/us/genre/podcasts-arts/id1301?mt=2&letter=A&page=1
arts,https://itunes.apple.com/us/genre/podcasts-arts/id1301?mt=2&letter=A&page=2
arts,https://itunes.apple.com/us/genre/podcasts-arts/id1301?mt=2&letter=A&page=3
arts,https://itunes.apple.com/us/genre/podcasts-arts/id1301?mt=2&letter=A&page=4
arts,https://itunes.apple.com/us/genre/podcasts-arts/id1301?mt=2&letter=A&page=5
arts,https://itunes.apple.com/us/genre/podcasts-arts/id1301?mt=2&letter=A&page=6
arts,https://itunes.apple.com/us/genre/podcasts-arts/id1301?mt=2&letter=A&page=7
arts,https://itunes.apple.com/us/genre/podcasts-arts/id1301?mt=2&letter=B&page=1
arts,https://itunes.apple.com/us/genre/podcasts-arts/id1301?mt=2&letter=B&page=2
arts,https://itunes.apple.com/us/genre/podcasts-arts/id1301?mt=2&letter=B&page=3
arts,https://itunes.apple.com/us/genre/podcasts-arts/id1301?mt=2&letter=B&page=4
arts,https://itunes.apple.com/us/genre/podcasts-arts/id1301?mt=2&letter=B&page=5
arts,https://itunes.apple.com/us/genre/podcasts-arts/id1301?mt=2&letter=B&page=6
arts,https://itunes.apple.com/us/genre/podcasts-arts/id1301?mt=2&letter=B&page=7
arts,https://itunes.apple.com/us/genre/podcasts-arts/id1301?mt=2&letter=C&page=1
arts,https://itunes.apple.com/us/genre/podcasts-arts/id1301?mt=2&letter=C&page=2
arts,https://itunes.apple.com/us/genre/podcasts-arts/id1301?mt=2&letter=C&page=3
arts,https://itunes.apple.com/us/genre/podcasts-arts/id1301?mt=2&letter=C&page=4
arts,https://itunes.apple.com/us/genre/podcasts-arts/id1301?mt=2&letter=C&page=5
arts,https://itunes.apple.com/us/genre/podcasts-arts/id1301?mt=2&letter=C&page=6
arts,https://itunes.apple.com/us/genre/podcasts-arts/id1301?mt=2&letter=C&page=7
arts,https://itunes.apple.com/us/genre/podcasts-arts/id1301?mt=2&letter=D&page=1
arts,https://itunes.apple.com/us/genre/podcasts-arts/id1301?mt=2&letter=D&page=2
arts,https://itunes.apple.com/us/genre/podcasts-arts/id1301?mt=2&letter=D&page=3
arts,https://itunes.apple.com/us/genre/podcasts-arts/id1301?mt=2&letter=D&page=4
arts,https://itunes.apple.com/us/genre/podcasts-arts/id1301?mt=2&letter=D&page=5
arts,https://itunes.apple.com/us/genre/podcasts-arts/id1301?mt=2&letter=E&page=1
arts,https://itunes.apple.com/us/genre/podcasts-arts/id1301?mt=2&letter=E&page=2
arts,https://itunes.apple.com/us/genre/podcasts-arts/id1301?mt=2&letter=F&page=1
arts,https://itunes.apple.com/us/genre/podcasts-arts/id1301?mt=2&letter=F&page=2
arts,https://itunes.apple.com/us/genre/podcasts-arts/id1301?mt=2&letter=F&page=3
arts,https://itunes.apple.com/us/genre/podcasts-arts/id1301?mt=2&letter=F&page=4
arts,https://itunes.apple.com/us/genre/podcasts-arts/id1301?mt=2&letter=F&page=5
arts,https://itunes.apple.com/us/genre/podcasts-arts/id1301?mt=2&letter=G&page=1
arts,https://itunes.apple.com/us/genre/podcasts-arts/id1301?mt=2&letter=G&page=2
arts,https://itunes.apple.com/us/genre/podcasts-arts/id1301?mt=2&letter=G&page=3
arts,https://itunes.apple.com/us/genre/podcasts-arts/id1301?mt=2&letter=H&page=1
arts,https://itunes.apple.com/us/genre/podcasts-arts/id1301?mt=2&letter=H&page=2
arts,https://itunes.apple.com/us/genre/podcasts-arts/id1301?mt=2&letter=H&page=3
arts,https://itunes.apple.com/us/genre/podcasts-arts/id1301?mt=2&letter=I&page=1
arts,https://itunes.apple.com/us/genre/podcasts-arts/id1301?mt=2&letter=I&page=2
arts,https://itunes.apple.com/us/genre/podcasts-arts/id1301?mt=2&letter=J&page=1
arts,https://itunes.apple.com/us/genre/podcasts-arts/id1301?mt=2&letter=K&page=1
arts,https://itunes.apple.com/us/genre/podcasts-arts/id1301?mt=2&letter=L&page=1
arts,https://itunes.apple.com/us/genre/podcasts-arts/id1301?mt=2&letter=L&page=2
arts,https://itunes.apple.com/us/genre/podcasts-arts/id1301?mt=2&letter=L&page=3
arts,https://itunes.apple.com/us/genre/podcasts-arts/id1301?mt=2&letter=L&page=4
arts,https://itunes.apple.com/us/genre/podcasts-arts/id1301?mt=2&letter=L&page=5
arts,https://itunes.apple.com/us/genre/podcasts-arts/id1301?mt=2&letter=M&page=1
arts,https://itunes.apple.com/us/genre/podcasts-arts/id1301?mt=2&letter=M&page=2
arts,https://itunes.apple.com/us/genre/podcasts-arts/id1301?mt=2&letter=M&page=3
arts,https://itunes.apple.com/us/genre/podcasts-arts/id1301?mt=2&letter=M&page=4
arts,https://itunes.apple.com/us/genre/podcasts-arts/id1301?mt=2&letter=M&page=5
arts,https://itunes.apple.com/us/genre/podcasts-arts/id1301?mt=2&letter=M&page=6
arts,https://itunes.apple.com/us/genre/podcasts-arts/id1301?mt=2&letter=N&page=1
arts,https://itunes.apple.com/us/genre/podcasts-arts/id1301?mt=2&letter=N&page=2
arts,https://itunes.apple.com/us/genre/podcasts-arts/id1301?mt=2&letter=O&page=1
arts,https://itunes.apple.com/us/genre/podcasts-arts/id1301?mt=2&letter=O&page=2
arts,https://itunes.apple.com/us/genre/podcasts-arts/id1301?mt=2&letter=P&page=1
arts,https://itunes.apple.com/us/genre/podcasts-arts/id1301?mt=2&letter=P&page=2
arts,https://itunes.apple.com/us/genre/podcasts-arts/id1301?mt=2&letter=P&page=3
arts,https://itunes.apple.com/us/genre/podcasts-arts/id1301?mt=2&letter=P&page=4
arts,https://itunes.apple.com/us/genre/podcasts-arts/id1301?mt=2&letter=P&page=5
arts,https://itunes.apple.com/us/genre/podcasts-arts/id1301?mt=2&letter=P&page=6
arts,https://itunes.apple.com/us/genre/podcasts-arts/id1301?mt=2&letter=R&page=1
arts,https://itunes.apple.com/us/genre/podcasts-arts/id1301?mt=2&letter=R&page=2
arts,https://itunes.apple.com/us/genre/podcasts-arts/id1301?mt=2&letter=R&page=3
arts,https://itunes.apple.com/us/genre/podcasts-arts/id1301?mt=2&letter=R&page=4
arts,https://itunes.apple.com/us/genre/podcasts-arts/id1301?mt=2&letter=R&page=5
arts,https://itunes.apple.com/us/genre/podcasts-arts/id1301?mt=2&letter=S&page=1
arts,https://itunes.apple.com/us/genre/podcasts-arts/id1301?mt=2&letter=S&page=2
arts,https://itunes.apple.com/us/genre/podcasts-arts/id1301?mt=2&letter=S&page=3
arts,https://itunes.apple.com/us/genre/podcasts-arts/id1301?mt=2&letter=S&page=4
arts,https://itunes.apple.com/us/genre/podcasts-arts/id1301?mt=2&letter=S&page=5
arts,https://itunes.apple.com/us/genre/podcasts-arts/id1301?mt=2&letter=S&page=6
arts,https://itunes.apple.com/us/genre/podcasts-arts/id1301?mt=2&letter=S&page=7
arts,https://itunes.apple.com/us/genre/podcasts-arts/id1301?mt=2&letter=S&page=8
arts,https://itunes.apple.com/us/genre/podcasts-arts/id1301?mt=2&letter=S&page=9
arts,https://itunes.apple.com/us/genre/podcasts-arts/id1301?mt=2&letter=S&page=10
arts,https://itunes.apple.com/us/genre/podcasts-arts/id1301?mt=2&letter=T&page=1
arts,https://itunes.apple.com/us/genre/podcasts-arts/id1301?mt=2&letter=T&page=2
arts,https://itunes.apple.com/us/genre/podcasts-arts/id1301?mt=2&letter=T&page=3
arts,https://itunes.apple.com/us/genre/podcasts-arts/id1301?mt=2&letter=T&page=4
arts,https://itunes.apple.com/us/genre/podcasts-arts/id1301?mt=2&letter=T&page=5
arts,https://itunes.apple.com/us/genre/podcasts-arts/id1301?mt=2&letter=T&page=6
arts,https://itunes.apple.com/us/genre/podcasts-arts/id1301?mt=2&letter=U&page=1
arts,https://itunes.apple.com/us/genre/podcasts-arts/id1301?mt=2&letter=V&page=1
arts,https://itunes.apple.com/us/genre/podcasts-arts/id1301?mt=2&letter=W&page=1
arts,https://itunes.apple.com/us/genre/podcasts-arts/id1301?mt=2&letter=W&page=2
arts,https://itunes.apple.com/us/genre/podcasts-arts/id1301?mt=2&letter=W&page=3
arts,https://itunes.apple.com/us/genre/podcasts-arts/id1301?mt=2&letter=*&page=1
arts,https://itunes.apple.com/us/genre/podcasts-arts/id1301?mt=2&letter=*&page=2
business,https://itunes.apple.com/us/genre/podcasts-business/id1321?mt=2&letter=A&page=1
business,https://itunes.apple.com/us/genre/podcasts-business/id1321?mt=2&letter=A&page=2
business,https://itunes.apple.com/us/genre/podcasts-business/id1321?mt=2&letter=A&page=3
business,https://itunes.apple.com/us/genre/podcasts-business/id1321?mt=2&letter=B&page=1
business,https://itunes.apple.com/us/genre/podcasts-business/id1321?mt=2&letter=B&page=2
business,https://itunes.apple.com/us/genre/podcasts-business/id1321?mt=2&letter=B&page=3
business,https://itunes.apple.com/us/genre/podcasts-business/id1321?mt=2&letter=B&page=4
business,https://itunes.apple.com/us/genre/podcasts-business/id1321?mt=2&letter=B&page=5
business,https://itunes.apple.com/us/genre/podcasts-business/id1321?mt=2&letter=C&page=1
business,https://itunes.apple.com/us/genre/podcasts-business/id1321?mt=2&letter=C&page=2
business,https://itunes.apple.com/us/genre/podcasts-business/id1321?mt=2&letter=C&page=3
business,https://itunes.apple.com/us/genre/podcasts-business/id1321?mt=2&letter=C&page=4
business,https://itunes.apple.com/us/genre/podcasts-business/id1321?mt=2&letter=C&page=5
business,https://itunes.apple.com/us/genre/podcasts-business/id1321?mt=2&letter=D&page=1
business,https://itunes.apple.com/us/genre/podcasts-business/id1321?mt=2&letter=D&page=2
business,https://itunes.apple.com/us/genre/podcasts-business/id1321?mt=2&letter=E&page=1
business,https://itunes.apple.com/us/genre/podcasts-business/id1321?mt=2&letter=E&page=2
business,https://itunes.apple.com/us/genre/podcasts-business/id1321?mt=2&letter=F&page=1
business,https://itunes.apple.com/us/genre/podcasts-business/id1321?mt=2&letter=F&page=2
business,https://itunes.apple.com/us/genre/podcasts-business/id1321?mt=2&letter=G&page=1
business,https://itunes.apple.com/us/genre/podcasts-business/id1321?mt=2&letter=H&page=1
business,https://itunes.apple.com/us/genre/podcasts-business/id1321?mt=2&letter=I&page=1
business,https://itunes.apple.com/us/genre/podcasts-business/id1321?mt=2&letter=I&page=2
business,https://itunes.apple.com/us/genre/podcasts-business/id1321?mt=2&letter=I&page=3
business,https://itunes.apple.com/us/genre/podcasts-business/id1321?mt=2&letter=J&page=1
business,https://itunes.apple.com/us/genre/podcasts-business/id1321?mt=2&letter=L&page=1
business,https://itunes.apple.com/us/genre/podcasts-business/id1321?mt=2&letter=L&page=2
business,https://itunes.apple.com/us/genre/podcasts-business/id1321?mt=2&letter=M&page=1
business,https://itunes.apple.com/us/genre/podcasts-business/id1321?mt=2&letter=M&page=2
business,https://itunes.apple.com/us/genre/podcasts-business/id1321?mt=2&letter=M&page=3
business,https://itunes.apple.com/us/genre/podcasts-business/id1321?mt=2&letter=M&page=4
business,https://itunes.apple.com/us/genre/podcasts-business/id1321?mt=2&letter=M&page=5
business,https://itunes.apple.com/us/genre/podcasts-business/id1321?mt=2&letter=N&page=1
business,https://itunes.apple.com/us/genre/podcasts-business/id1321?mt=2&letter=O&page=1
business,https://itunes.apple.com/us/genre/podcasts-business/id1321?mt=2&letter=P&page=1
business,https://itunes.apple.com/us/genre/podcasts-business/id1321?mt=2&letter=P&page=2
business,https://itunes.apple.com/us/genre/podcasts-business/id1321?mt=2&letter=P&page=3
business,https://itunes.apple.com/us/genre/podcasts-business/id1321?mt=2&letter=R&page=1
business,https://itunes.apple.com/us/genre/podcasts-business/id1321?mt=2&letter=R&page=2
business,https://itunes.apple.com/us/genre/podcasts-business/id1321?mt=2&letter=S&page=1
business,https://itunes.apple.com/us/genre/podcasts-business/id1321?mt=2&letter=S&page=2
business,https://itunes.apple.com/us/genre/podcasts-business/id1321?mt=2&letter=S&page=3
business,https://itunes.apple.com/us/genre/podcasts-business/id1321?mt=2&letter=S&page=4
business,https://itunes.apple.com/us/genre/podcasts-business/id1321?mt=2&letter=S&page=5
business,https://itunes.apple.com/us/genre/podcasts-business/id1321?mt=2&letter=S&page=6
business,https://itunes.apple.com/us/genre/podcasts-business/id1321?mt=2&letter=T&page=1
business,https://itunes.apple.com/us/genre/podcasts-business/id1321?mt=2&letter=T&page=2
business,https://itunes.apple.com/us/genre/podcasts-business/id1321?mt=2&letter=T&page=3
business,https://itunes.apple.com/us/genre/podcasts-business/id1321?mt=2&letter=V&page=1
business,https://itunes.apple.com/us/genre/podcasts-business/id1321?mt=2&letter=W&page=1
business,https://itunes.apple.com/us/genre/podcasts-business/id1321?mt=2&letter=W&page=2
business,https://itunes.apple.com/us/genre/podcasts-business/id1321?mt=2&letter=*&page=1
comedy,https://itunes.apple.com/us/genre/podcasts-comedy/id1303?mt=2&letter=A&page=1
comedy,https://itunes.apple.com/us/genre/podcasts-comedy/id1303?mt=2&letter=A&page=2
comedy,https://itunes.apple.com/us/genre/podcasts-comedy/id1303?mt=2&letter=A&page=3
comedy,https://itunes.apple.com/us/genre/podcasts-comedy/id1303?mt=2&letter=B&page=1
comedy,https://itunes.apple.com/us/genre/podcasts-comedy/id1303?mt=2&letter=B&page=2
comedy,https://itunes.apple.com/us/genre/podcasts-comedy/id1303?mt=2&letter=B&page=3
comedy,https://itunes.apple.com/us/genre/podcasts-comedy/id1303?mt=2&letter=B&page=4
comedy,https://itunes.apple.com/us/genre/podcasts-comedy/id1303?mt=2&letter=B&page=5
comedy,https://itunes.apple.com/us/genre/podcasts-comedy/id1303?mt=2&letter=C&page=1
comedy,https://itunes.apple.com/us/genre/podcasts-comedy/id1303?mt=2&letter=C&page=2
comedy,https://itunes.apple.com/us/genre/podcasts-comedy/id1303?mt=2&letter=C&page=3
comedy,https://itunes.apple.com/us/genre/podcasts-comedy/id1303?mt=2&letter=C&page=4
comedy,https://itunes.apple.com/us/genre/podcasts-comedy/id1303?mt=2&letter=C&page=5
comedy,https://itunes.apple.com/us/genre/podcasts-comedy/id1303?mt=2&letter=D&page=1
comedy,https://itunes.apple.com/us/genre/podcasts-comedy/id1303?mt=2&letter=D&page=2
comedy,https://itunes.apple.com/us/genre/podcasts-comedy/id1303?mt=2&letter=D&page=3
comedy,https://itunes.apple.com/us/genre/podcasts-comedy/id1303?mt=2&letter=E&page=1
comedy,https://itunes.apple.com/us/genre/podcasts-comedy/id1303?mt=2&letter=F&page=1
comedy,https://itunes.apple.com/us/genre/podcasts-comedy/id1303?mt=2&letter=F&page=2
comedy,https://itunes.apple.com/us/genre/podcasts-comedy/id1303?mt=2&letter=G&page=1
comedy,https://itunes.apple.com/us/genre/podcasts-comedy/id1303?mt=2&letter=G&page=2
comedy,https://itunes.apple.com/us/genre/podcasts-comedy/id1303?mt=2&letter=H&page=1
comedy,https://itunes.apple.com/us/genre/podcasts-comedy/id1303?mt=2&letter=H&page=2
comedy,https://itunes.apple.com/us/genre/podcasts-comedy/id1303?mt=2&letter=I&page=1
comedy,https://itunes.apple.com/us/genre/podcasts-comedy/id1303?mt=2&letter=J&page=1
comedy,https://itunes.apple.com/us/genre/podcasts-comedy/id1303?mt=2&letter=K&page=1
comedy,https://itunes.apple.com/us/genre/podcasts-comedy/id1303?mt=2&letter=L&page=1
comedy,https://itunes.apple.com/us/genre/podcasts-comedy/id1303?mt=2&letter=L&page=2
comedy,https://itunes.apple.com/us/genre/podcasts-comedy/id1303?mt=2&letter=M&page=1
comedy,https://itunes.apple.com/us/genre/podcasts-comedy/id1303?mt=2&letter=M&page=2
comedy,https://itunes.apple.com/us/genre/podcasts-comedy/id1303?mt=2&letter=M&page=3
comedy,https://itunes.apple.com/us/genre/podcasts-comedy/id1303?mt=2&letter=M&page=4
comedy,https://itunes.apple.com/us/genre/podcasts-comedy/id1303?mt=2&letter=M&page=5
comedy,https://itunes.apple.com/us/genre/podcasts-comedy/id1303?mt=2&letter=N&page=1
comedy,https://itunes.apple.com/us/genre/podcasts-comedy/id1303?mt=2&letter=N&page=2
comedy,https://itunes.apple.com/us/genre/podcasts-comedy/id1303?mt=2&letter=O&page=1
comedy,https://itunes.apple.com/us/genre/podcasts-comedy/id1303?mt=2&letter=P&page=1
comedy,https://itunes.apple.com/us/genre/podcasts-comedy/id1303?mt=2&letter=P&page=2
comedy,https://itunes.apple.com/us/genre/podcasts-comedy/id1303?mt=2&letter=P&page=3
comedy,https://itunes.apple.com/us/genre/podcasts-comedy/id1303?mt=2&letter=P&page=4
comedy,https://itunes.apple.com/us/genre/podcasts-comedy/id1303?mt=2&letter=P&page=5
comedy,https://itunes.apple.com/us/genre/podcasts-comedy/id1303?mt=2&letter=R&page=1
comedy,https://itunes.apple.com/us/genre/podcasts-comedy/id1303?mt=2&letter=R&page=2
comedy,https://itunes.apple.com/us/genre/podcasts-comedy/id1303?mt=2&letter=R&page=3
comedy,https://itunes.apple.com/us/genre/podcasts-comedy/id1303?mt=2&letter=S&page=1
comedy,https://itunes.apple.com/us/genre/podcasts-comedy/id1303?mt=2&letter=S&page=2
comedy,https://itunes.apple.com/us/genre/podcasts-comedy/id1303?mt=2&letter=S&page=3
comedy,https://itunes.apple.com/us/genre/podcasts-comedy/id1303?mt=2&letter=S&page=4
comedy,https://itunes.apple.com/us/genre/podcasts-comedy/id1303?mt=2&letter=S&page=5
comedy,https://itunes.apple.com/us/genre/podcasts-comedy/id1303?mt=2&letter=S&page=6
comedy,https://itunes.apple.com/us/genre/podcasts-comedy/id1303?mt=2&letter=T&page=1
comedy,https://itunes.apple.com/us/genre/podcasts-comedy/id1303?mt=2&letter=T&page=2
comedy,https://itunes.apple.com/us/genre/podcasts-comedy/id1303?mt=2&letter=T&page=3
comedy,https://itunes.apple.com/us/genre/podcasts-comedy/id1303?mt=2&letter=T&page=4
comedy,https://itunes.apple.com/us/genre/podcasts-comedy/id1303?mt=2&letter=T&page=5
comedy,https://itunes.apple.com/us/genre/podcasts-comedy/id1303?mt=2&letter=T&page=6
comedy,https://itunes.apple.com/us/genre/podcasts-comedy/id1303?mt=2&letter=W&page=1
comedy,https://itunes.apple.com/us/genre/podcasts-comedy/id1303?mt=2&letter=W&page=2
comedy,https://itunes.apple.com/us/genre/podcasts-comedy/id1303?mt=2&letter=*&page=1
comedy,https://itunes.apple.com/us/genre/podcasts-comedy/id1303?mt=2&letter=*&page=2
education,https://itunes.apple.com/us/genre/podcasts-education/id1304?mt=2&letter=A&page=1
education,https://itunes.apple.com/us/genre/podcasts-education/id1304?mt=2&letter=A&page=2
education,https://itunes.apple.com/us/genre/podcasts-education/id1304?mt=2&letter=A&page=3
education,https://itunes.apple.com/us/genre/podcasts-education/id1304?mt=2&letter=A&page=4
education,https://itunes.apple.com/us/genre/podcasts-education/id1304?mt=2&letter=A&page=5
education,https://itunes.apple.com/us/genre/podcasts-education/id1304?mt=2&letter=B&page=1
education,https://itunes.apple.com/us/genre/podcasts-education/id1304?mt=2&letter=B&page=2
education,https://itunes.apple.com/us/genre/podcasts-education/id1304?mt=2&letter=B&page=3
education,https://itunes.apple.com/us/genre/podcasts-education/id1304?mt=2&letter=C&page=1
education,https://itunes.apple.com/us/genre/podcasts-education/id1304?mt=2&letter=C&page=2
education,https://itunes.apple.com/us/genre/podcasts-education/id1304?mt=2&letter=C&page=3
education,https://itunes.apple.com/us/genre/podcasts-education/id1304?mt=2&letter=C&page=4
education,https://itunes.apple.com/us/genre/podcasts-education/id1304?mt=2&letter=C&page=5
education,https://itunes.apple.com/us/genre/podcasts-education/id1304?mt=2&letter=C&page=6
education,https://itunes.apple.com/us/genre/podcasts-education/id1304?mt=2&letter=D&page=1
education,https://itunes.apple.com/us/genre/podcasts-education/id1304?mt=2&letter=D&page=2
education,https://itunes.apple.com/us/genre/podcasts-education/id1304?mt=2&letter=D&page=3
education,https://itunes.apple.com/us/genre/podcasts-education/id1304?mt=2&letter=E&page=1
education,https://itunes.apple.com/us/genre/podcasts-education/id1304?mt=2&letter=E&page=2
education,https://itunes.apple.com/us/genre/podcasts-education/id1304?mt=2&letter=E&page=3
education,https://itunes.apple.com/us/genre/podcasts-education/id1304?mt=2&letter=F&page=1
education,https://itunes.apple.com/us/genre/podcasts-education/id1304?mt=2&letter=F&page=2
education,https://itunes.apple.com/us/genre/podcasts-education/id1304?mt=2&letter=G&page=1
education,https://itunes.apple.com/us/genre/podcasts-education/id1304?mt=2&letter=G&page=2
education,https://itunes.apple.com/us/genre/podcasts-education/id1304?mt=2&letter=H&page=1
education,https://itunes.apple.com/us/genre/podcasts-education/id1304?mt=2&letter=H&page=2
education,https://itunes.apple.com/us/genre/podcasts-education/id1304?mt=2&letter=I&page=1
education,https://itunes.apple.com/us/genre/podcasts-education/id1304?mt=2&letter=I&page=2
education,https://itunes.apple.com/us/genre/podcasts-education/id1304?mt=2&letter=J&page=1
education,https://itunes.apple.com/us/genre/podcasts-education/id1304?mt=2&letter=K&page=1
education,https://itunes.apple.com/us/genre/podcasts-education/id1304?mt=2&letter=L&page=1
education,https://itunes.apple.com/us/genre/podcasts-education/id1304?mt=2&letter=L&page=2
education,https://itunes.apple.com/us/genre/podcasts-education/id1304?mt=2&letter=L&page=3
education,https://itunes.apple.com/us/genre/podcasts-education/id1304?mt=2&letter=L&page=4
education,https://itunes.apple.com/us/genre/podcasts-education/id1304?mt=2&letter=L&page=5
education,https://itunes.apple.com/us/genre/podcasts-education/id1304?mt=2&letter=M&page=1
education,https://itunes.apple.com/us/genre/podcasts-education/id1304?mt=2&letter=M&page=2
education,https://itunes.apple.com/us/genre/podcasts-education/id1304?mt=2&letter=M&page=3
education,https://itunes.apple.com/us/genre/podcasts-education/id1304?mt=2&letter=M&page=4
education,https://itunes.apple.com/us/genre/podcasts-education/id1304?mt=2&letter=M&page=5
education,https://itunes.apple.com/us/genre/podcasts-education/id1304?mt=2&letter=M&page=6
education,https://itunes.apple.com/us/genre/podcasts-education/id1304?mt=2&letter=N&page=1
education,https://itunes.apple.com/us/genre/podcasts-education/id1304?mt=2&letter=N&page=2
education,https://itunes.apple.com/us/genre/podcasts-education/id1304?mt=2&letter=O&page=1
education,https://itunes.apple.com/us/genre/podcasts-education/id1304?mt=2&letter=P&page=1
education,https://itunes.apple.com/us/genre/podcasts-education/id1304?mt=2&letter=P&page=2
education,https://itunes.apple.com/us/genre/podcasts-education/id1304?mt=2&letter=P&page=3
education,https://itunes.apple.com/us/genre/podcasts-education/id1304?mt=2&letter=P&page=4
education,https://itunes.apple.com/us/genre/podcasts-education/id1304?mt=2&letter=P&page=5
education,https://itunes.apple.com/us/genre/podcasts-education/id1304?mt=2&letter=R&page=1
education,https://itunes.apple.com/us/genre/podcasts-education/id1304?mt=2&letter=R&page=2
education,https://itunes.apple.com/us/genre/podcasts-education/id1304?mt=2&letter=R&page=3
education,https://itunes.apple.com/us/genre/podcasts-education/id1304?mt=2&letter=S&page=1
education,https://itunes.apple.com/us/genre/podcasts-education/id1304?mt=2&letter=S&page=2
education,https://itunes.apple.com/us/genre/podcasts-education/id1304?mt=2&letter=S&page=3
education,https://itunes.apple.com/us/genre/podcasts-education/id1304?mt=2&letter=S&page=4
education,https://itunes.apple.com/us/genre/podcasts-education/id1304?mt=2&letter=S&page=5
education,https://itunes.apple.com/us/genre/podcasts-education/id1304?mt=2&letter=S&page=6
education,https://itunes.apple.com/us/genre/podcasts-education/id1304?mt=2&letter=S&page=7
education,https://itunes.apple.com/us/genre/podcasts-education/id1304?mt=2&letter=T&page=1
education,https://itunes.apple.com/us/genre/podcasts-education/id1304?mt=2&letter=T&page=2
education,https://itunes.apple.com/us/genre/podcasts-education/id1304?mt=2&letter=T&page=3
education,https://itunes.apple.com/us/genre/podcasts-education/id1304?mt=2&letter=U&page=1
education,https://itunes.apple.com/us/genre/podcasts-education/id1304?mt=2&letter=V&page=1
education,https://itunes.apple.com/us/genre/podcasts-education/id1304?mt=2&letter=W&page=1
education,https://itunes.apple.com/us/genre/podcasts-education/id1304?mt=2&letter=W&page=2
education,https://itunes.apple.com/us/genre/podcasts-education/id1304?mt=2&letter=*&page=1
games_and_hobbies,https://itunes.apple.com/us/genre/podcasts-games-hobbies/id1323?mt=2&letter=A&page=1
games_and_hobbies,https://itunes.apple.com/us/genre/podcasts-games-hobbies/id1323?mt=2&letter=A&page=2
games_and_hobbies,https://itunes.apple.com/us/genre/podcasts-games-hobbies/id1323?mt=2&letter=B&page=1
games_and_hobbies,https://itunes.apple.com/us/genre/podcasts-games-hobbies/id1323?mt=2&letter=B&page=2
games_and_hobbies,https://itunes.apple.com/us/genre/podcasts-games-hobbies/id1323?mt=2&letter=C&page=1
games_and_hobbies,https://itunes.apple.com/us/genre/podcasts-games-hobbies/id1323?mt=2&letter=C&page=2
games_and_hobbies,https://itunes.apple.com/us/genre/podcasts-games-hobbies/id1323?mt=2&letter=C&page=3
games_and_hobbies,https://itunes.apple.com/us/genre/podcasts-games-hobbies/id1323?mt=2&letter=D&page=1
games_and_hobbies,https://itunes.apple.com/us/genre/podcasts-games-hobbies/id1323?mt=2&letter=D&page=2
games_and_hobbies,https://itunes.apple.com/us/genre/podcasts-games-hobbies/id1323?mt=2&letter=E&page=1
games_and_hobbies,https://itunes.apple.com/us/genre/podcasts-games-hobbies/id1323?mt=2&letter=F&page=1
games_and_hobbies,https://itunes.apple.com/us/genre/podcasts-games-hobbies/id1323?mt=2&letter=G&page=1
games_and_hobbies,https://itunes.apple.com/us/genre/podcasts-games-hobbies/id1323?mt=2&letter=G&page=2
games_and_hobbies,https://itunes.apple.com/us/genre/podcasts-games-hobbies/id1323?mt=2&letter=G&page=3
games_and_hobbies,https://itunes.apple.com/us/genre/podcasts-games-hobbies/id1323?mt=2&letter=G&page=4
games_and_hobbies,https://itunes.apple.com/us/genre/podcasts-games-hobbies/id1323?mt=2&letter=G&page=5
games_and_hobbies,https://itunes.apple.com/us/genre/podcasts-games-hobbies/id1323?mt=2&letter=H&page=1
games_and_hobbies,https://itunes.apple.com/us/genre/podcasts-games-hobbies/id1323?mt=2&letter=I&page=1
games_and_hobbies,https://itunes.apple.com/us/genre/podcasts-games-hobbies/id1323?mt=2&letter=L&page=1
games_and_hobbies,https://itunes.apple.com/us/genre/podcasts-games-hobbies/id1323?mt=2&letter=M&page=1
games_and_hobbies,https://itunes.apple.com/us/genre/podcasts-games-hobbies/id1323?mt=2&letter=M&page=2
games_and_hobbies,https://itunes.apple.com/us/genre/podcasts-games-hobbies/id1323?mt=2&letter=M&page=3
games_and_hobbies,https://itunes.apple.com/us/genre/podcasts-games-hobbies/id1323?mt=2&letter=N&page=1
games_and_hobbies,https://itunes.apple.com/us/genre/podcasts-games-hobbies/id1323?mt=2&letter=N&page=2
games_and_hobbies,https://itunes.apple.com/us/genre/podcasts-games-hobbies/id1323?mt=2&letter=O&page=1
games_and_hobbies,https://itunes.apple.com/us/genre/podcasts-games-hobbies/id1323?mt=2&letter=P&page=1
games_and_hobbies,https://itunes.apple.com/us/genre/podcasts-games-hobbies/id1323?mt=2&letter=P&page=2
games_and_hobbies,https://itunes.apple.com/us/genre/podcasts-games-hobbies/id1323?mt=2&letter=P&page=3
games_and_hobbies,https://itunes.apple.com/us/genre/podcasts-games-hobbies/id1323?mt=2&letter=R&page=1
games_and_hobbies,https://itunes.apple.com/us/genre/podcasts-games-hobbies/id1323?mt=2&letter=R&page=2
games_and_hobbies,https://itunes.apple.com/us/genre/podcasts-games-hobbies/id1323?mt=2&letter=S&page=1
games_and_hobbies,https://itunes.apple.com/us/genre/podcasts-games-hobbies/id1323?mt=2&letter=S&page=2
games_and_hobbies,https://itunes.apple.com/us/genre/podcasts-games-hobbies/id1323?mt=2&letter=S&page=3
games_and_hobbies,https://itunes.apple.com/us/genre/podcasts-games-hobbies/id1323?mt=2&letter=T&page=1
games_and_hobbies,https://itunes.apple.com/us/genre/podcasts-games-hobbies/id1323?mt=2&letter=T&page=2
games_and_hobbies,https://itunes.apple.com/us/genre/podcasts-games-hobbies/id1323?mt=2&letter=T&page=3
games_and_hobbies,https://itunes.apple.com/us/genre/podcasts-games-hobbies/id1323?mt=2&letter=V&page=1
games_and_hobbies,https://itunes.apple.com/us/genre/podcasts-games-hobbies/id1323?mt=2&letter=W&page=1
games_and_hobbies,https://itunes.apple.com/us/genre/podcasts-games-hobbies/id1323?mt=2&letter=*&page=1
government_and_organizations,https://itunes.apple.com/us/genre/podcasts-government-organizations/id1325?mt=2&letter=A&page=1
government_and_organizations,https://itunes.apple.com/us/genre/podcasts-government-organizations/id1325?mt=2&letter=C&page=1
government_and_organizations,https://itunes.apple.com/us/genre/podcasts-government-organizations/id1325?mt=2&letter=C&page=2
government_and_organizations,https://itunes.apple.com/us/genre/podcasts-government-organizations/id1325?mt=2&letter=M&page=1
government_and_organizations,https://itunes.apple.com/us/genre/podcasts-government-organizations/id1325?mt=2&letter=P&page=1
government_and_organizations,https://itunes.apple.com/us/genre/podcasts-government-organizations/id1325?mt=2&letter=S&page=1
health,https://itunes.apple.com/us/genre/podcasts-health/id1307?mt=2&letter=A&page=1
health,https://itunes.apple.com/us/genre/podcasts-health/id1307?mt=2&letter=A&page=2
health,https://itunes.apple.com/us/genre/podcasts-health/id1307?mt=2&letter=B&page=1
health,https://itunes.apple.com/us/genre/podcasts-health/id1307?mt=2&letter=B&page=2
health,https://itunes.apple.com/us/genre/podcasts-health/id1307?mt=2&letter=C&page=1
health,https://itunes.apple.com/us/genre/podcasts-health/id1307?mt=2&letter=C&page=2
health,https://itunes.apple.com/us/genre/podcasts-health/id1307?mt=2&letter=D&page=1
health,https://itunes.apple.com/us/genre/podcasts-health/id1307?mt=2&letter=D&page=2
health,https://itunes.apple.com/us/genre/podcasts-health/id1307?mt=2&letter=E&page=1
health,https://itunes.apple.com/us/genre/podcasts-health/id1307?mt=2&letter=F&page=1
health,https://itunes.apple.com/us/genre/podcasts-health/id1307?mt=2&letter=G&page=1
health,https://itunes.apple.com/us/genre/podcasts-health/id1307?mt=2&letter=H&page=1
health,https://itunes.apple.com/us/genre/podcasts-health/id1307?mt=2&letter=H&page=2
health,https://itunes.apple.com/us/genre/podcasts-health/id1307?mt=2&letter=I&page=1
health,https://itunes.apple.com/us/genre/podcasts-health/id1307?mt=2&letter=L&page=1
health,https://itunes.apple.com/us/genre/podcasts-health/id1307?mt=2&letter=M&page=1
health,https://itunes.apple.com/us/genre/podcasts-health/id1307?mt=2&letter=M&page=2
health,https://itunes.apple.com/us/genre/podcasts-health/id1307?mt=2&letter=P&page=1
health,https://itunes.apple.com/us/genre/podcasts-health/id1307?mt=2&letter=P&page=2
health,https://itunes.apple.com/us/genre/podcasts-health/id1307?mt=2&letter=R&page=1
health,https://itunes.apple.com/us/genre/podcasts-health/id1307?mt=2&letter=S&page=1
health,https://itunes.apple.com/us/genre/podcasts-health/id1307?mt=2&letter=S&page=2
health,https://itunes.apple.com/us/genre/podcasts-health/id1307?mt=2&letter=S&page=3
health,https://itunes.apple.com/us/genre/podcasts-health/id1307?mt=2&letter=T&page=1
health,https://itunes.apple.com/us/genre/podcasts-health/id1307?mt=2&letter=W&page=1
health,https://itunes.apple.com/us/genre/podcasts-health/id1307?mt=2&letter=*&page=1
kids_and_family,https://itunes.apple.com/us/genre/podcasts-kids-family/id1305?mt=2&letter=A&page=1
kids_and_family,https://itunes.apple.com/us/genre/podcasts-kids-family/id1305?mt=2&letter=B&page=1
kids_and_family,https://itunes.apple.com/us/genre/podcasts-kids-family/id1305?mt=2&letter=C&page=1
kids_and_family,https://itunes.apple.com/us/genre/podcasts-kids-family/id1305?mt=2&letter=D&page=1
kids_and_family,https://itunes.apple.com/us/genre/podcasts-kids-family/id1305?mt=2&letter=M&page=1
kids_and_family,https://itunes.apple.com/us/genre/podcasts-kids-family/id1305?mt=2&letter=P&page=1
kids_and_family,https://itunes.apple.com/us/genre/podcasts-kids-family/id1305?mt=2&letter=R&page=1
kids_and_family,https://itunes.apple.com/us/genre/podcasts-kids-family/id1305?mt=2&letter=S&page=1
kids_and_family,https://itunes.apple.com/us/genre/podcasts-kids-family/id1305?mt=2&letter=T&page=1
music,https://itunes.apple.com/us/genre/podcasts-music/id1310?mt=2&letter=A&page=1
music,https://itunes.apple.com/us/genre/podcasts-music/id1310?mt=2&letter=A&page=2
music,https://itunes.apple.com/us/genre/podcasts-music/id1310?mt=2&letter=A&page=3
music,https://itunes.apple.com/us/genre/podcasts-music/id1310?mt=2&letter=A&page=4
music,https://itunes.apple.com/us/genre/podcasts-music/id1310?mt=2&letter=A&page=5
music,https://itunes.apple.com/us/genre/podcasts-music/id1310?mt=2&letter=A&page=6
music,https://itunes.apple.com/us/genre/podcasts-music/id1310?mt=2&letter=A&page=7
music,https://itunes.apple.com/us/genre/podcasts-music/id1310?mt=2&letter=A&page=8
music,https://itunes.apple.com/us/genre/podcasts-music/id1310?mt=2&letter=B&page=1
music,https://itunes.apple.com/us/genre/podcasts-music/id1310?mt=2&letter=B&page=2
music,https://itunes.apple.com/us/genre/podcasts-music/id1310?mt=2&letter=B&page=3
music,https://itunes.apple.com/us/genre/podcasts-music/id1310?mt=2&letter=B&page=4
music,https://itunes.apple.com/us/genre/podcasts-music/id1310?mt=2&letter=B&page=5
music,https://itunes.apple.com/us/genre/podcasts-music/id1310?mt=2&letter=B&page=6
music,https://itunes.apple.com/us/genre/podcasts-music/id1310?mt=2&letter=B&page=7
music,https://itunes.apple.com/us/genre/podcasts-music/id1310?mt=2&letter=B&page=8
music,https://itunes.apple.com/us/genre/podcasts-music/id1310?mt=2&letter=C&page=1
music,https://itunes.apple.com/us/genre/podcasts-music/id1310?mt=2&letter=C&page=2
music,https://itunes.apple.com/us/genre/podcasts-music/id1310?mt=2&letter=C&page=3
music,https://itunes.apple.com/us/genre/podcasts-music/id1310?mt=2&letter=C&page=4
music,https://itunes.apple.com/us/genre/podcasts-music/id1310?mt=2&letter=C&page=5
music,https://itunes.apple.com/us/genre/podcasts-music/id1310?mt=2&letter=C&page=6
music,https://itunes.apple.com/us/genre/podcasts-music/id1310?mt=2&letter=C&page=7
music,https://itunes.apple.com/us/genre/podcasts-music/id1310?mt=2&letter=C&page=8
music,https://itunes.apple.com/us/genre/podcasts-music/id1310?mt=2&letter=D&page=1
music,https://itunes.apple.com/us/genre/podcasts-music/id1310?mt=2&letter=D&page=2
music,https://itunes.apple.com/us/genre/podcasts-music/id1310?mt=2&letter=D&page=3
music,https://itunes.apple.com/us/genre/podcasts-music/id1310?mt=2&letter=D&page=4
music,https://itunes.apple.com/us/genre/podcasts-music/id1310?mt=2&letter=D&page=5
music,https://itunes.apple.com/us/genre/podcasts-music/id1310?mt=2&letter=D&page=6
music,https://itunes.apple.com/us/genre/podcasts-music/id1310?mt=2&letter=D&page=7
music,https://itunes.apple.com/us/genre/podcasts-music/id1310?mt=2&letter=D&page=8
music,https://itunes.apple.com/us/genre/podcasts-music/id1310?mt=2&letter=D&page=9
music,https://itunes.apple.com/us/genre/podcasts-music/id1310?mt=2&letter=D&page=10
music,https://itunes.apple.com/us/genre/podcasts-music/id1310?mt=2&letter=D&page=11
music,https://itunes.apple.com/us/genre/podcasts-music/id1310?mt=2&letter=D&page=12
music,https://itunes.apple.com/us/genre/podcasts-music/id1310?mt=2&letter=D&page=13
music,https://itunes.apple.com/us/genre/podcasts-music/id1310?mt=2&letter=D&page=14
music,https://itunes.apple.com/us/genre/podcasts-music/id1310?mt=2&letter=D&page=15
music,https://itunes.apple.com/us/genre/podcasts-music/id1310?mt=2&letter=D&page=16
music,https://itunes.apple.com/us/genre/podcasts-music/id1310?mt=2&letter=D&page=17
music,https://itunes.apple.com/us/genre/podcasts-music/id1310?mt=2&letter=D&page=18
music,https://itunes.apple.com/us/genre/podcasts-music/id1310?mt=2&letter=E&page=1
music,https://itunes.apple.com/us/genre/podcasts-music/id1310?mt=2&letter=E&page=2
music,https://itunes.apple.com/us/genre/podcasts-music/id1310?mt=2&letter=E&page=3
music,https://itunes.apple.com/us/genre/podcasts-music/id1310?mt=2&letter=E&page=4
music,https://itunes.apple.com/us/genre/podcasts-music/id1310?mt=2&letter=E&page=5
music,https://itunes.apple.com/us/genre/podcasts-music/id1310?mt=2&letter=F&page=1
music,https://itunes.apple.com/us/genre/podcasts-music/id1310?mt=2&letter=F&page=2
music,https://itunes.apple.com/us/genre/podcasts-music/id1310?mt=2&letter=F&page=3
music,https://itunes.apple.com/us/genre/podcasts-music/id1310?mt=2&letter=F&page=4
music,https://itunes.apple.com/us/genre/podcasts-music/id1310?mt=2&letter=F&page=5
music,https://itunes.apple.com/us/genre/podcasts-music/id1310?mt=2&letter=F&page=6
music,https://itunes.apple.com/us/genre/podcasts-music/id1310?mt=2&letter=G&page=1
music,https://itunes.apple.com/us/genre/podcasts-music/id1310?mt=2&letter=G&page=2
music,https://itunes.apple.com/us/genre/podcasts-music/id1310?mt=2&letter=G&page=3
music,https://itunes.apple.com/us/genre/podcasts-music/id1310?mt=2&letter=H&page=1
music,https://itunes.apple.com/us/genre/podcasts-music/id1310?mt=2&letter=H&page=2
music,https://itunes.apple.com/us/genre/podcasts-music/id1310?mt=2&letter=H&page=3
music,https://itunes.apple.com/us/genre/podcasts-music/id1310?mt=2&letter=H&page=4
music,https://itunes.apple.com/us/genre/podcasts-music/id1310?mt=2&letter=H&page=5
music,https://itunes.apple.com/us/genre/podcasts-music/id1310?mt=2&letter=I&page=1
music,https://itunes.apple.com/us/genre/podcasts-music/id1310?mt=2&letter=I&page=2
music,https://itunes.apple.com/us/genre/podcasts-music/id1310?mt=2&letter=I&page=3
music,https://itunes.apple.com/us/genre/podcasts-music/id1310?mt=2&letter=J&page=1
music,https://itunes.apple.com/us/genre/podcasts-music/id1310?mt=2&letter=J&page=2
music,https://itunes.apple.com/us/genre/podcasts-music/id1310?mt=2&letter=J&page=3
music,https://itunes.apple.com/us/genre/podcasts-music/id1310?mt=2&letter=J&page=4
music,https://itunes.apple.com/us/genre/podcasts-music/id1310?mt=2&letter=J&page=5
music,https://itunes.apple.com/us/genre/podcasts-music/id1310?mt=2&letter=K&page=1
music,https://itunes.apple.com/us/genre/podcasts-music/id1310?mt=2&letter=K&page=2
music,https://itunes.apple.com/us/genre/podcasts-music/id1310?mt=2&letter=K&page=3
music,https://itunes.apple.com/us/genre/podcasts-music/id1310?mt=2&letter=L&page=1
music,https://itunes.apple.com/us/genre/podcasts-music/id1310?mt=2&letter=L&page=2
music,https://itunes.apple.com/us/genre/podcasts-music/id1310?mt=2&letter=L&page=3
music,https://itunes.apple.com/us/genre/podcasts-music/id1310?mt=2&letter=L&page=4
music,https://itunes.apple.com/us/genre/podcasts-music/id1310?mt=2&letter=L&page=5
music,https://itunes.apple.com/us/genre/podcasts-music/id1310?mt=2&letter=L&page=6
music,https://itunes.apple.com/us/genre/podcasts-music/id1310?mt=2&letter=M&page=1
music,https://itunes.apple.com/us/genre/podcasts-music/id1310?mt=2&letter=M&page=2
music,https://itunes.apple.com/us/genre/podcasts-music/id1310?mt=2&letter=M&page=3
music,https://itunes.apple.com/us/genre/podcasts-music/id1310?mt=2&letter=M&page=4
music,https://itunes.apple.com/us/genre/podcasts-music/id1310?mt=2&letter=M&page=5
music,https://itunes.apple.com/us/genre/podcasts-music/id1310?mt=2&letter=M&page=6
music,https://itunes.apple.com/us/genre/podcasts-music/id1310?mt=2&letter=M&page=7
music,https://itunes.apple.com/us/genre/podcasts-music/id1310?mt=2&letter=M&page=8
music,https://itunes.apple.com/us/genre/podcasts-music/id1310?mt=2&letter=M&page=9
music,https://itunes.apple.com/us/genre/podcasts-music/id1310?mt=2&letter=M&page=10
music,https://itunes.apple.com/us/genre/podcasts-music/id1310?mt=2&letter=M&page=11
music,https://itunes.apple.com/us/genre/podcasts-music/id1310?mt=2&letter=N&page=1
music,https://itunes.apple.com/us/genre/podcasts-music/id1310?mt=2&letter=N&page=2
music,https://itunes.apple.com/us/genre/podcasts-music/id1310?mt=2&letter=N&page=3
music,https://itunes.apple.com/us/genre/podcasts-music/id1310?mt=2&letter=O&page=1
music,https://itunes.apple.com/us/genre/podcasts-music/id1310?mt=2&letter=O&page=2
music,https://itunes.apple.com/us/genre/podcasts-music/id1310?mt=2&letter=P&page=1
music,https://itunes.apple.com/us/genre/podcasts-music/id1310?mt=2&letter=P&page=2
music,https://itunes.apple.com/us/genre/podcasts-music/id1310?mt=2&letter=P&page=3
music,https://itunes.apple.com/us/genre/podcasts-music/id1310?mt=2&letter=P&page=4
music,https://itunes.apple.com/us/genre/podcasts-music/id1310?mt=2&letter=P&page=5
music,https://itunes.apple.com/us/genre/podcasts-music/id1310?mt=2&letter=P&page=6
music,https://itunes.apple.com/us/genre/podcasts-music/id1310?mt=2&letter=P&page=7
music,https://itunes.apple.com/us/genre/podcasts-music/id1310?mt=2&letter=P&page=8
music,https://itunes.apple.com/us/genre/podcasts-music/id1310?mt=2&letter=R&page=1
music,https://itunes.apple.com/us/genre/podcasts-music/id1310?mt=2&letter=R&page=2
music,https://itunes.apple.com/us/genre/podcasts-music/id1310?mt=2&letter=R&page=3
music,https://itunes.apple.com/us/genre/podcasts-music/id1310?mt=2&letter=R&page=4
music,https://itunes.apple.com/us/genre/podcasts-music/id1310?mt=2&letter=R&page=5
music,https://itunes.apple.com/us/genre/podcasts-music/id1310?mt=2&letter=R&page=6
music,https://itunes.apple.com/us/genre/podcasts-music/id1310?mt=2&letter=R&page=7
music,https://itunes.apple.com/us/genre/podcasts-music/id1310?mt=2&letter=R&page=8
music,https://itunes.apple.com/us/genre/podcasts-music/id1310?mt=2&letter=R&page=9
music,https://itunes.apple.com/us/genre/podcasts-music/id1310?mt=2&letter=S&page=1
music,https://itunes.apple.com/us/genre/podcasts-music/id1310?mt=2&letter=S&page=2
music,https://itunes.apple.com/us/genre/podcasts-music/id1310?mt=2&letter=S&page=3
music,https://itunes.apple.com/us/genre/podcasts-music/id1310?mt=2&letter=S&page=4
music,https://itunes.apple.com/us/genre/podcasts-music/id1310?mt=2&letter=S&page=5
music,https://itunes.apple.com/us/genre/podcasts-music/id1310?mt=2&letter=S&page=6
music,https://itunes.apple.com/us/genre/podcasts-music/id1310?mt=2&letter=S&page=7
music,https://itunes.apple.com/us/genre/podcasts-music/id1310?mt=2&letter=S&page=8
music,https://itunes.apple.com/us/genre/podcasts-music/id1310?mt=2&letter=S&page=9
music,https://itunes.apple.com/us/genre/podcasts-music/id1310?mt=2&letter=S&page=10
music,https://itunes.apple.com/us/genre/podcasts-music/id1310?mt=2&letter=S&page=11
music,https://itunes.apple.com/us/genre/podcasts-music/id1310?mt=2&letter=S&page=12
music,https://itunes.apple.com/us/genre/podcasts-music/id1310?mt=2&letter=S&page=13
music,https://itunes.apple.com/us/genre/podcasts-music/id1310?mt=2&letter=T&page=1
music,https://itunes.apple.com/us/genre/podcasts-music/id1310?mt=2&letter=T&page=2
music,https://itunes.apple.com/us/genre/podcasts-music/id1310?mt=2&letter=T&page=3
music,https://itunes.apple.com/us/genre/podcasts-music/id1310?mt=2&letter=T&page=4
music,https://itunes.apple.com/us/genre/podcasts-music/id1310?mt=2&letter=T&page=5
music,https://itunes.apple.com/us/genre/podcasts-music/id1310?mt=2&letter=T&page=6
music,https://itunes.apple.com/us/genre/podcasts-music/id1310?mt=2&letter=T&page=7
music,https://itunes.apple.com/us/genre/podcasts-music/id1310?mt=2&letter=T&page=8
music,https://itunes.apple.com/us/genre/podcasts-music/id1310?mt=2&letter=U&page=1
music,https://itunes.apple.com/us/genre/podcasts-music/id1310?mt=2&letter=V&page=1
music,https://itunes.apple.com/us/genre/podcasts-music/id1310?mt=2&letter=W&page=1
music,https://itunes.apple.com/us/genre/podcasts-music/id1310?mt=2&letter=W&page=2
music,https://itunes.apple.com/us/genre/podcasts-music/id1310?mt=2&letter=W&page=3
music,https://itunes.apple.com/us/genre/podcasts-music/id1310?mt=2&letter=*&page=1
music,https://itunes.apple.com/us/genre/podcasts-music/id1310?mt=2&letter=*&page=2
music,https://itunes.apple.com/us/genre/podcasts-music/id1310?mt=2&letter=*&page=3
news_and_politics,https://itunes.apple.com/us/genre/podcasts-news-politics/id1311?mt=2&letter=A&page=1
news_and_politics,https://itunes.apple.com/us/genre/podcasts-news-politics/id1311?mt=2&letter=A&page=2
news_and_politics,https://itunes.apple.com/us/genre/podcasts-news-politics/id1311?mt=2&letter=A&page=3
news_and_politics,https://itunes.apple.com/us/genre/podcasts-news-politics/id1311?mt=2&letter=B&page=1
news_and_politics,https://itunes.apple.com/us/genre/podcasts-news-politics/id1311?mt=2&letter=B&page=2
news_and_politics,https://itunes.apple.com/us/genre/podcasts-news-politics/id1311?mt=2&letter=C&page=1
news_and_politics,https://itunes.apple.com/us/genre/podcasts-news-politics/id1311?mt=2&letter=C&page=2
news_and_politics,https://itunes.apple.com/us/genre/podcasts-news-politics/id1311?mt=2&letter=C&page=3
news_and_politics,https://itunes.apple.com/us/genre/podcasts-news-politics/id1311?mt=2&letter=D&page=1
news_and_politics,https://itunes.apple.com/us/genre/podcasts-news-politics/id1311?mt=2&letter=D&page=2
news_and_politics,https://itunes.apple.com/us/genre/podcasts-news-politics/id1311?mt=2&letter=E&page=1
news_and_politics,https://itunes.apple.com/us/genre/podcasts-news-politics/id1311?mt=2&letter=F&page=1
news_and_politics,https://itunes.apple.com/us/genre/podcasts-news-politics/id1311?mt=2&letter=F&page=2
news_and_politics,https://itunes.apple.com/us/genre/podcasts-news-politics/id1311?mt=2&letter=G&page=1
news_and_politics,https://itunes.apple.com/us/genre/podcasts-news-politics/id1311?mt=2&letter=H&page=1
news_and_politics,https://itunes.apple.com/us/genre/podcasts-news-politics/id1311?mt=2&letter=I&page=1
news_and_politics,https://itunes.apple.com/us/genre/podcasts-news-politics/id1311?mt=2&letter=J&page=1
news_and_politics,https://itunes.apple.com/us/genre/podcasts-news-politics/id1311?mt=2&letter=K&page=1
news_and_politics,https://itunes.apple.com/us/genre/podcasts-news-politics/id1311?mt=2&letter=L&page=1
news_and_politics,https://itunes.apple.com/us/genre/podcasts-news-politics/id1311?mt=2&letter=L&page=2
news_and_politics,https://itunes.apple.com/us/genre/podcasts-news-politics/id1311?mt=2&letter=M&page=1
news_and_politics,https://itunes.apple.com/us/genre/podcasts-news-politics/id1311?mt=2&letter=M&page=2
news_and_politics,https://itunes.apple.com/us/genre/podcasts-news-politics/id1311?mt=2&letter=N&page=1
news_and_politics,https://itunes.apple.com/us/genre/podcasts-news-politics/id1311?mt=2&letter=N&page=2
news_and_politics,https://itunes.apple.com/us/genre/podcasts-news-politics/id1311?mt=2&letter=O&page=1
news_and_politics,https://itunes.apple.com/us/genre/podcasts-news-politics/id1311?mt=2&letter=P&page=1
news_and_politics,https://itunes.apple.com/us/genre/podcasts-news-politics/id1311?mt=2&letter=P&page=2
news_and_politics,https://itunes.apple.com/us/genre/podcasts-news-politics/id1311?mt=2&letter=P&page=3
news_and_politics,https://itunes.apple.com/us/genre/podcasts-news-politics/id1311?mt=2&letter=R&page=1
news_and_politics,https://itunes.apple.com/us/genre/podcasts-news-politics/id1311?mt=2&letter=R&page=2
news_and_politics,https://itunes.apple.com/us/genre/podcasts-news-politics/id1311?mt=2&letter=R&page=3
news_and_politics,https://itunes.apple.com/us/genre/podcasts-news-politics/id1311?mt=2&letter=R&page=4
news_and_politics,https://itunes.apple.com/us/genre/podcasts-news-politics/id1311?mt=2&letter=R&page=5
news_and_politics,https://itunes.apple.com/us/genre/podcasts-news-politics/id1311?mt=2&letter=S&page=1
news_and_politics,https://itunes.apple.com/us/genre/podcasts-news-politics/id1311?mt=2&letter=S&page=2
news_and_politics,https://itunes.apple.com/us/genre/podcasts-news-politics/id1311?mt=2&letter=S&page=3
news_and_politics,https://itunes.apple.com/us/genre/podcasts-news-politics/id1311?mt=2&letter=T&page=1
news_and_politics,https://itunes.apple.com/us/genre/podcasts-news-politics/id1311?mt=2&letter=T&page=2
news_and_politics,https://itunes.apple.com/us/genre/podcasts-news-politics/id1311?mt=2&letter=T&page=3
news_and_politics,https://itunes.apple.com/us/genre/podcasts-news-politics/id1311?mt=2&letter=V&page=1
news_and_politics,https://itunes.apple.com/us/genre/podcasts-news-politics/id1311?mt=2&letter=W&page=1
news_and_politics,https://itunes.apple.com/us/genre/podcasts-news-politics/id1311?mt=2&letter=W&page=2
news_and_politics,https://itunes.apple.com/us/genre/podcasts-news-politics/id1311?mt=2&letter=*&page=1
news_and_politics,https://itunes.apple.com/us/genre/podcasts-news-politics/id1311?mt=2&letter=*&page=2
religion_and_spirituality,https://itunes.apple.com/us/genre/podcasts-religion-spirituality/id1314?mt=2&letter=A&page=1
religion_and_spirituality,https://itunes.apple.com/us/genre/podcasts-religion-spirituality/id1314?mt=2&letter=A&page=2
religion_and_spirituality,https://itunes.apple.com/us/genre/podcasts-religion-spirituality/id1314?mt=2&letter=A&page=3
religion_and_spirituality,https://itunes.apple.com/us/genre/podcasts-religion-spirituality/id1314?mt=2&letter=A&page=4
religion_and_spirituality,https://itunes.apple.com/us/genre/podcasts-religion-spirituality/id1314?mt=2&letter=A&page=5
religion_and_spirituality,https://itunes.apple.com/us/genre/podcasts-religion-spirituality/id1314?mt=2&letter=A&page=6
religion_and_spirituality,https://itunes.apple.com/us/genre/podcasts-religion-spirituality/id1314?mt=2&letter=A&page=7
religion_and_spirituality,https://itunes.apple.com/us/genre/podcasts-religion-spirituality/id1314?mt=2&letter=A&page=8
religion_and_spirituality,https://itunes.apple.com/us/genre/podcasts-religion-spirituality/id1314?mt=2&letter=A&page=9
religion_and_spirituality,https://itunes.apple.com/us/genre/podcasts-religion-spirituality/id1314?mt=2&letter=A&page=10
religion_and_spirituality,https://itunes.apple.com/us/genre/podcasts-religion-spirituality/id1314?mt=2&letter=A&page=11
religion_and_spirituality,https://itunes.apple.com/us/genre/podcasts-religion-spirituality/id1314?mt=2&letter=B&page=1
religion_and_spirituality,https://itunes.apple.com/us/genre/podcasts-religion-spirituality/id1314?mt=2&letter=B&page=2
religion_and_spirituality,https://itunes.apple.com/us/genre/podcasts-religion-spirituality/id1314?mt=2&letter=B&page=3
religion_and_spirituality,https://itunes.apple.com/us/genre/podcasts-religion-spirituality/id1314?mt=2&letter=B&page=4
religion_and_spirituality,https://itunes.apple.com/us/genre/podcasts-religion-spirituality/id1314?mt=2&letter=B&page=5
religion_and_spirituality,https://itunes.apple.com/us/genre/podcasts-religion-spirituality/id1314?mt=2&letter=B&page=6
religion_and_spirituality,https://itunes.apple.com/us/genre/podcasts-religion-spirituality/id1314?mt=2&letter=B&page=7
religion_and_spirituality,https://itunes.apple.com/us/genre/podcasts-religion-spirituality/id1314?mt=2&letter=B&page=8
religion_and_spirituality,https://itunes.apple.com/us/genre/podcasts-religion-spirituality/id1314?mt=2&letter=B&page=9
religion_and_spirituality,https://itunes.apple.com/us/genre/podcasts-religion-spirituality/id1314?mt=2&letter=C&page=1
religion_and_spirituality,https://itunes.apple.com/us/genre/podcasts-religion-spirituality/id1314?mt=2&letter=C&page=2
religion_and_spirituality,https://itunes.apple.com/us/genre/podcasts-religion-spirituality/id1314?mt=2&letter=C&page=3
religion_and_spirituality,https://itunes.apple.com/us/genre/podcasts-religion-spirituality/id1314?mt=2&letter=C&page=4
religion_and_spirituality,https://itunes.apple.com/us/genre/podcasts-religion-spirituality/id1314?mt=2&letter=C&page=5
religion_and_spirituality,https://itunes.apple.com/us/genre/podcasts-religion-spirituality/id1314?mt=2&letter=C&page=6
religion_and_spirituality,https://itunes.apple.com/us/genre/podcasts-religion-spirituality/id1314?mt=2&letter=C&page=7
religion_and_spirituality,https://itunes.apple.com/us/genre/podcasts-religion-spirituality/id1314?mt=2&letter=C&page=8
religion_and_spirituality,https://itunes.apple.com/us/genre/podcasts-religion-spirituality/id1314?mt=2&letter=C&page=9
religion_and_spirituality,https://itunes.apple.com/us/genre/podcasts-religion-spirituality/id1314?mt=2&letter=C&page=10
religion_and_spirituality,https://itunes.apple.com/us/genre/podcasts-religion-spirituality/id1314?mt=2&letter=C&page=11
religion_and_spirituality,https://itunes.apple.com/us/genre/podcasts-religion-spirituality/id1314?mt=2&letter=C&page=12
religion_and_spirituality,https://itunes.apple.com/us/genre/podcasts-religion-spirituality/id1314?mt=2&letter=C&page=13
religion_and_spirituality,https://itunes.apple.com/us/genre/podcasts-religion-spirituality/id1314?mt=2&letter=C&page=14
religion_and_spirituality,https://itunes.apple.com/us/genre/podcasts-religion-spirituality/id1314?mt=2&letter=C&page=15
religion_and_spirituality,https://itunes.apple.com/us/genre/podcasts-religion-spirituality/id1314?mt=2&letter=C&page=16
religion_and_spirituality,https://itunes.apple.com/us/genre/podcasts-religion-spirituality/id1314?mt=2&letter=C&page=17
religion_and_spirituality,https://itunes.apple.com/us/genre/podcasts-religion-spirituality/id1314?mt=2&letter=C&page=18
religion_and_spirituality,https://itunes.apple.com/us/genre/podcasts-religion-spirituality/id1314?mt=2&letter=D&page=1
religion_and_spirituality,https://itunes.apple.com/us/genre/podcasts-religion-spirituality/id1314?mt=2&letter=D&page=2
religion_and_spirituality,https://itunes.apple.com/us/genre/podcasts-religion-spirituality/id1314?mt=2&letter=D&page=3
religion_and_spirituality,https://itunes.apple.com/us/genre/podcasts-religion-spirituality/id1314?mt=2&letter=D&page=4
religion_and_spirituality,https://itunes.apple.com/us/genre/podcasts-religion-spirituality/id1314?mt=2&letter=D&page=5
religion_and_spirituality,https://itunes.apple.com/us/genre/podcasts-religion-spirituality/id1314?mt=2&letter=D&page=6
religion_and_spirituality,https://itunes.apple.com/us/genre/podcasts-religion-spirituality/id1314?mt=2&letter=D&page=7
religion_and_spirituality,https://itunes.apple.com/us/genre/podcasts-religion-spirituality/id1314?mt=2&letter=E&page=1
religion_and_spirituality,https://itunes.apple.com/us/genre/podcasts-religion-spirituality/id1314?mt=2&letter=E&page=2
religion_and_spirituality,https://itunes.apple.com/us/genre/podcasts-religion-spirituality/id1314?mt=2&letter=E&page=3
religion_and_spirituality,https://itunes.apple.com/us/genre/podcasts-religion-spirituality/id1314?mt=2&letter=E&page=4
religion_and_spirituality,https://itunes.apple.com/us/genre/podcasts-religion-spirituality/id1314?mt=2&letter=E&page=5
religion_and_spirituality,https://itunes.apple.com/us/genre/podcasts-religion-spirituality/id1314?mt=2&letter=E&page=6
religion_and_spirituality,https://itunes.apple.com/us/genre/podcasts-religion-spirituality/id1314?mt=2&letter=E&page=7
religion_and_spirituality,https://itunes.apple.com/us/genre/podcasts-religion-spirituality/id1314?mt=2&letter=F&page=1
religion_and_spirituality,https://itunes.apple.com/us/genre/podcasts-religion-spirituality/id1314?mt=2&letter=F&page=2
religion_and_spirituality,https://itunes.apple.com/us/genre/podcasts-religion-spirituality/id1314?mt=2&letter=F&page=3
religion_and_spirituality,https://itunes.apple.com/us/genre/podcasts-religion-spirituality/id1314?mt=2&letter=F&page=4
religion_and_spirituality,https://itunes.apple.com/us/genre/podcasts-religion-spirituality/id1314?mt=2&letter=F&page=5
religion_and_spirituality,https://itunes.apple.com/us/genre/podcasts-religion-spirituality/id1314?mt=2&letter=F&page=6
religion_and_spirituality,https://itunes.apple.com/us/genre/podcasts-religion-spirituality/id1314?mt=2&letter=F&page=7
religion_and_spirituality,https://itunes.apple.com/us/genre/podcasts-religion-spirituality/id1314?mt=2&letter=F&page=8
religion_and_spirituality,https://itunes.apple.com/us/genre/podcasts-religion-spirituality/id1314?mt=2&letter=F&page=9
religion_and_spirituality,https://itunes.apple.com/us/genre/podcasts-religion-spirituality/id1314?mt=2&letter=F&page=10
religion_and_spirituality,https://itunes.apple.com/us/genre/podcasts-religion-spirituality/id1314?mt=2&letter=F&page=11
religion_and_spirituality,https://itunes.apple.com/us/genre/podcasts-religion-spirituality/id1314?mt=2&letter=F&page=12
religion_and_spirituality,https://itunes.apple.com/us/genre/podcasts-religion-spirituality/id1314?mt=2&letter=F&page=13
religion_and_spirituality,https://itunes.apple.com/us/genre/podcasts-religion-spirituality/id1314?mt=2&letter=G&page=1
religion_and_spirituality,https://itunes.apple.com/us/genre/podcasts-religion-spirituality/id1314?mt=2&letter=G&page=2
religion_and_spirituality,https://itunes.apple.com/us/genre/podcasts-religion-spirituality/id1314?mt=2&letter=G&page=3
religion_and_spirituality,https://itunes.apple.com/us/genre/podcasts-religion-spirituality/id1314?mt=2&letter=G&page=4
religion_and_spirituality,https://itunes.apple.com/us/genre/podcasts-religion-spirituality/id1314?mt=2&letter=G&page=5
religion_and_spirituality,https://itunes.apple.com/us/genre/podcasts-religion-spirituality/id1314?mt=2&letter=G&page=6
religion_and_spirituality,https://itunes.apple.com/us/genre/podcasts-religion-spirituality/id1314?mt=2&letter=G&page=7
religion_and_spirituality,https://itunes.apple.com/us/genre/podcasts-religion-spirituality/id1314?mt=2&letter=G&page=8
religion_and_spirituality,https://itunes.apple.com/us/genre/podcasts-religion-spirituality/id1314?mt=2&letter=G&page=9
religion_and_spirituality,https://itunes.apple.com/us/genre/podcasts-religion-spirituality/id1314?mt=2&letter=G&page=10
religion_and_spirituality,https://itunes.apple.com/us/genre/podcasts-religion-spirituality/id1314?mt=2&letter=H&page=1
religion_and_spirituality,https://itunes.apple.com/us/genre/podcasts-religion-spirituality/id1314?mt=2&letter=H&page=2
religion_and_spirituality,https://itunes.apple.com/us/genre/podcasts-religion-spirituality/id1314?mt=2&letter=H&page=3
religion_and_spirituality,https://itunes.apple.com/us/genre/podcasts-religion-spirituality/id1314?mt=2&letter=H&page=4
religion_and_spirituality,https://itunes.apple.com/us/genre/podcasts-religion-spirituality/id1314?mt=2&letter=H&page=5
religion_and_spirituality,https://itunes.apple.com/us/genre/podcasts-religion-spirituality/id1314?mt=2&letter=H&page=6
religion_and_spirituality,https://itunes.apple.com/us/genre/podcasts-religion-spirituality/id1314?mt=2&letter=H&page=7
religion_and_spirituality,https://itunes.apple.com/us/genre/podcasts-religion-spirituality/id1314?mt=2&letter=H&page=8
religion_and_spirituality,https://itunes.apple.com/us/genre/podcasts-religion-spirituality/id1314?mt=2&letter=H&page=9
religion_and_spirituality,https://itunes.apple.com/us/genre/podcasts-religion-spirituality/id1314?mt=2&letter=I&page=1
religion_and_spirituality,https://itunes.apple.com/us/genre/podcasts-religion-spirituality/id1314?mt=2&letter=I&page=2
religion_and_spirituality,https://itunes.apple.com/us/genre/podcasts-religion-spirituality/id1314?mt=2&letter=I&page=3
religion_and_spirituality,https://itunes.apple.com/us/genre/podcasts-religion-spirituality/id1314?mt=2&letter=I&page=4
religion_and_spirituality,https://itunes.apple.com/us/genre/podcasts-religion-spirituality/id1314?mt=2&letter=I&page=5
religion_and_spirituality,https://itunes.apple.com/us/genre/podcasts-religion-spirituality/id1314?mt=2&letter=I&page=6
religion_and_spirituality,https://itunes.apple.com/us/genre/podcasts-religion-spirituality/id1314?mt=2&letter=J&page=1
religion_and_spirituality,https://itunes.apple.com/us/genre/podcasts-religion-spirituality/id1314?mt=2&letter=J&page=2
religion_and_spirituality,https://itunes.apple.com/us/genre/podcasts-religion-spirituality/id1314?mt=2&letter=J&page=3
religion_and_spirituality,https://itunes.apple.com/us/genre/podcasts-religion-spirituality/id1314?mt=2&letter=K&page=1
religion_and_spirituality,https://itunes.apple.com/us/genre/podcasts-religion-spirituality/id1314?mt=2&letter=K&page=2
religion_and_spirituality,https://itunes.apple.com/us/genre/podcasts-religion-spirituality/id1314?mt=2&letter=K&page=3
religion_and_spirituality,https://itunes.apple.com/us/genre/podcasts-religion-spirituality/id1314?mt=2&letter=L&page=1
religion_and_spirituality,https://itunes.apple.com/us/genre/podcasts-religion-spirituality/id1314?mt=2&letter=L&page=2
religion_and_spirituality,https://itunes.apple.com/us/genre/podcasts-religion-spirituality/id1314?mt=2&letter=L&page=3
religion_and_spirituality,https://itunes.apple.com/us/genre/podcasts-religion-spirituality/id1314?mt=2&letter=L&page=4
religion_and_spirituality,https://itunes.apple.com/us/genre/podcasts-religion-spirituality/id1314?mt=2&letter=L&page=5
religion_and_spirituality,https://itunes.apple.com/us/genre/podcasts-religion-spirituality/id1314?mt=2&letter=L&page=6
religion_and_spirituality,https://itunes.apple.com/us/genre/podcasts-religion-spirituality/id1314?mt=2&letter=L&page=7
religion_and_spirituality,https://itunes.apple.com/us/genre/podcasts-religion-spirituality/id1314?mt=2&letter=L&page=8
religion_and_spirituality,https://itunes.apple.com/us/genre/podcasts-religion-spirituality/id1314?mt=2&letter=L&page=9
religion_and_spirituality,https://itunes.apple.com/us/genre/podcasts-religion-spirituality/id1314?mt=2&letter=L&page=10
religion_and_spirituality,https://itunes.apple.com/us/genre/podcasts-religion-spirituality/id1314?mt=2&letter=L&page=11
religion_and_spirituality,https://itunes.apple.com/us/genre/podcasts-religion-spirituality/id1314?mt=2&letter=M&page=1
religion_and_spirituality,https://itunes.apple.com/us/genre/podcasts-religion-spirituality/id1314?mt=2&letter=M&page=2
religion_and_spirituality,https://itunes.apple.com/us/genre/podcasts-religion-spirituality/id1314?mt=2&letter=M&page=3
religion_and_spirituality,https://itunes.apple.com/us/genre/podcasts-religion-spirituality/id1314?mt=2&letter=M&page=4
religion_and_spirituality,https://itunes.apple.com/us/genre/podcasts-religion-spirituality/id1314?mt=2&letter=M&page=5
religion_and_spirituality,https://itunes.apple.com/us/genre/podcasts-religion-spirituality/id1314?mt=2&letter=M&page=6
religion_and_spirituality,https://itunes.apple.com/us/genre/podcasts-religion-spirituality/id1314?mt=2&letter=M&page=7
religion_and_spirituality,https://itunes.apple.com/us/genre/podcasts-religion-spirituality/id1314?mt=2&letter=M&page=8
religion_and_spirituality,https://itunes.apple.com/us/genre/podcasts-religion-spirituality/id1314?mt=2&letter=M&page=9
religion_and_spirituality,https://itunes.apple.com/us/genre/podcasts-religion-spirituality/id1314?mt=2&letter=M&page=10
religion_and_spirituality,https://itunes.apple.com/us/genre/podcasts-religion-spirituality/id1314?mt=2&letter=M&page=11
religion_and_spirituality,https://itunes.apple.com/us/genre/podcasts-religion-spirituality/id1314?mt=2&letter=N&page=1
religion_and_spirituality,https://itunes.apple.com/us/genre/podcasts-religion-spirituality/id1314?mt=2&letter=N&page=2
religion_and_spirituality,https://itunes.apple.com/us/genre/podcasts-religion-spirituality/id1314?mt=2&letter=N&page=3
religion_and_spirituality,https://itunes.apple.com/us/genre/podcasts-religion-spirituality/id1314?mt=2&letter=N&page=4
religion_and_spirituality,https://itunes.apple.com/us/genre/podcasts-religion-spirituality/id1314?mt=2&letter=N&page=5
religion_and_spirituality,https://itunes.apple.com/us/genre/podcasts-religion-spirituality/id1314?mt=2&letter=N&page=6
religion_and_spirituality,https://itunes.apple.com/us/genre/podcasts-religion-spirituality/id1314?mt=2&letter=N&page=7
religion_and_spirituality,https://itunes.apple.com/us/genre/podcasts-religion-spirituality/id1314?mt=2&letter=N&page=8
religion_and_spirituality,https://itunes.apple.com/us/genre/podcasts-religion-spirituality/id1314?mt=2&letter=O&page=1
religion_and_spirituality,https://itunes.apple.com/us/genre/podcasts-religion-spirituality/id1314?mt=2&letter=O&page=2
religion_and_spirituality,https://itunes.apple.com/us/genre/podcasts-religion-spirituality/id1314?mt=2&letter=O&page=3
religion_and_spirituality,https://itunes.apple.com/us/genre/podcasts-religion-spirituality/id1314?mt=2&letter=P&page=1
religion_and_spirituality,https://itunes.apple.com/us/genre/podcasts-religion-spirituality/id1314?mt=2&letter=P&page=2
religion_and_spirituality,https://itunes.apple.com/us/genre/podcasts-religion-spirituality/id1314?mt=2&letter=P&page=3
religion_and_spirituality,https://itunes.apple.com/us/genre/podcasts-religion-spirituality/id1314?mt=2&letter=P&page=4
religion_and_spirituality,https://itunes.apple.com/us/genre/podcasts-religion-spirituality/id1314?mt=2&letter=P&page=5
religion_and_spirituality,https://itunes.apple.com/us/genre/podcasts-religion-spirituality/id1314?mt=2&letter=P&page=6
religion_and_spirituality,https://itunes.apple.com/us/genre/podcasts-religion-spirituality/id1314?mt=2&letter=P&page=7
religion_and_spirituality,https://itunes.apple.com/us/genre/podcasts-religion-spirituality/id1314?mt=2&letter=P&page=8
religion_and_spirituality,https://itunes.apple.com/us/genre/podcasts-religion-spirituality/id1314?mt=2&letter=P&page=9
religion_and_spirituality,https://itunes.apple.com/us/genre/podcasts-religion-spirituality/id1314?mt=2&letter=P&page=10
religion_and_spirituality,https://itunes.apple.com/us/genre/podcasts-religion-spirituality/id1314?mt=2&letter=P&page=11
religion_and_spirituality,https://itunes.apple.com/us/genre/podcasts-religion-spirituality/id1314?mt=2&letter=R&page=1
religion_and_spirituality,https://itunes.apple.com/us/genre/podcasts-religion-spirituality/id1314?mt=2&letter=R&page=2
religion_and_spirituality,https://itunes.apple.com/us/genre/podcasts-religion-spirituality/id1314?mt=2&letter=R&page=3
religion_and_spirituality,https://itunes.apple.com/us/genre/podcasts-religion-spirituality/id1314?mt=2&letter=R&page=4
religion_and_spirituality,https://itunes.apple.com/us/genre/podcasts-religion-spirituality/id1314?mt=2&letter=R&page=5
religion_and_spirituality,https://itunes.apple.com/us/genre/podcasts-religion-spirituality/id1314?mt=2&letter=R&page=6
religion_and_spirituality,https://itunes.apple.com/us/genre/podcasts-religion-spirituality/id1314?mt=2&letter=R&page=7
religion_and_spirituality,https://itunes.apple.com/us/genre/podcasts-religion-spirituality/id1314?mt=2&letter=R&page=8
religion_and_spirituality,https://itunes.apple.com/us/genre/podcasts-religion-spirituality/id1314?mt=2&letter=R&page=9
religion_and_spirituality,https://itunes.apple.com/us/genre/podcasts-religion-spirituality/id1314?mt=2&letter=R&page=10
religion_and_spirituality,https://itunes.apple.com/us/genre/podcasts-religion-spirituality/id1314?mt=2&letter=R&page=11
religion_and_spirituality,https://itunes.apple.com/us/genre/podcasts-religion-spirituality/id1314?mt=2&letter=S&page=1
religion_and_spirituality,https://itunes.apple.com/us/genre/podcasts-religion-spirituality/id1314?mt=2&letter=S&page=2
religion_and_spirituality,https://itunes.apple.com/us/genre/podcasts-religion-spirituality/id1314?mt=2&letter=S&page=3
religion_and_spirituality,https://itunes.apple.com/us/genre/podcasts-religion-spirituality/id1314?mt=2&letter=S&page=4
religion_and_spirituality,https://itunes.apple.com/us/genre/podcasts-religion-spirituality/id1314?mt=2&letter=S&page=5
religion_and_spirituality,https://itunes.apple.com/us/genre/podcasts-religion-spirituality/id1314?mt=2&letter=S&page=6
religion_and_spirituality,https://itunes.apple.com/us/genre/podcasts-religion-spirituality/id1314?mt=2&letter=S&page=7
religion_and_spirituality,https://itunes.apple.com/us/genre/podcasts-religion-spirituality/id1314?mt=2&letter=S&page=8
religion_and_spirituality,https://itunes.apple.com/us/genre/podcasts-religion-spirituality/id1314?mt=2&letter=S&page=9
religion_and_spirituality,https://itunes.apple.com/us/genre/podcasts-religion-spirituality/id1314?mt=2&letter=S&page=10
religion_and_spirituality,https://itunes.apple.com/us/genre/podcasts-religion-spirituality/id1314?mt=2&letter=S&page=11
religion_and_spirituality,https://itunes.apple.com/us/genre/podcasts-religion-spirituality/id1314?mt=2&letter=S&page=12
religion_and_spirituality,https://itunes.apple.com/us/genre/podcasts-religion-spirituality/id1314?mt=2&letter=S&page=13
religion_and_spirituality,https://itunes.apple.com/us/genre/podcasts-religion-spirituality/id1314?mt=2&letter=S&page=14
religion_and_spirituality,https://itunes.apple.com/us/genre/podcasts-religion-spirituality/id1314?mt=2&letter=S&page=15
religion_and_spirituality,https://itunes.apple.com/us/genre/podcasts-religion-spirituality/id1314?mt=2&letter=S&page=16
religion_and_spirituality,https://itunes.apple.com/us/genre/podcasts-religion-spirituality/id1314?mt=2&letter=S&page=17
religion_and_spirituality,https://itunes.apple.com/us/genre/podcasts-religion-spirituality/id1314?mt=2&letter=S&page=18
religion_and_spirituality,https://itunes.apple.com/us/genre/podcasts-religion-spirituality/id1314?mt=2&letter=T&page=1
religion_and_spirituality,https://itunes.apple.com/us/genre/podcasts-religion-spirituality/id1314?mt=2&letter=T&page=2
religion_and_spirituality,https://itunes.apple.com/us/genre/podcasts-religion-spirituality/id1314?mt=2&letter=T&page=3
religion_and_spirituality,https://itunes.apple.com/us/genre/podcasts-religion-spirituality/id1314?mt=2&letter=T&page=4
religion_and_spirituality,https://itunes.apple.com/us/genre/podcasts-religion-spirituality/id1314?mt=2&letter=T&page=5
religion_and_spirituality,https://itunes.apple.com/us/genre/podcasts-religion-spirituality/id1314?mt=2&letter=T&page=6
religion_and_spirituality,https://itunes.apple.com/us/genre/podcasts-religion-spirituality/id1314?mt=2&letter=T&page=7
religion_and_spirituality,https://itunes.apple.com/us/genre/podcasts-religion-spirituality/id1314?mt=2&letter=T&page=8
religion_and_spirituality,https://itunes.apple.com/us/genre/podcasts-religion-spirituality/id1314?mt=2&letter=T&page=9
religion_and_spirituality,https://itunes.apple.com/us/genre/podcasts-religion-spirituality/id1314?mt=2&letter=T&page=10
religion_and_spirituality,https://itunes.apple.com/us/genre/podcasts-religion-spirituality/id1314?mt=2&letter=U&page=1
religion_and_spirituality,https://itunes.apple.com/us/genre/podcasts-religion-spirituality/id1314?mt=2&letter=U&page=2
religion_and_spirituality,https://itunes.apple.com/us/genre/podcasts-religion-spirituality/id1314?mt=2&letter=V&page=1
religion_and_spirituality,https://itunes.apple.com/us/genre/podcasts-religion-spirituality/id1314?mt=2&letter=V&page=2
religion_and_spirituality,https://itunes.apple.com/us/genre/podcasts-religion-spirituality/id1314?mt=2&letter=V&page=3
religion_and_spirituality,https://itunes.apple.com/us/genre/podcasts-religion-spirituality/id1314?mt=2&letter=W&page=1
religion_and_spirituality,https://itunes.apple.com/us/genre/podcasts-religion-spirituality/id1314?mt=2&letter=W&page=2
religion_and_spirituality,https://itunes.apple.com/us/genre/podcasts-religion-spirituality/id1314?mt=2&letter=W&page=3
religion_and_spirituality,https://itunes.apple.com/us/genre/podcasts-religion-spirituality/id1314?mt=2&letter=W&page=4
religion_and_spirituality,https://itunes.apple.com/us/genre/podcasts-religion-spirituality/id1314?mt=2&letter=W&page=5
religion_and_spirituality,https://itunes.apple.com/us/genre/podcasts-religion-spirituality/id1314?mt=2&letter=W&page=6
religion_and_spirituality,https://itunes.apple.com/us/genre/podcasts-religion-spirituality/id1314?mt=2&letter=W&page=7
religion_and_spirituality,https://itunes.apple.com/us/genre/podcasts-religion-spirituality/id1314?mt=2&letter=W&page=8
religion_and_spirituality,https://itunes.apple.com/us/genre/podcasts-religion-spirituality/id1314?mt=2&letter=Y&page=1
religion_and_spirituality,https://itunes.apple.com/us/genre/podcasts-religion-spirituality/id1314?mt=2&letter=*&page=1
religion_and_spirituality,https://itunes.apple.com/us/genre/podcasts-religion-spirituality/id1314?mt=2&letter=*&page=2
religion_and_spirituality,https://itunes.apple.com/us/genre/podcasts-religion-spirituality/id1314?mt=2&letter=*&page=3
religion_and_spirituality,https://itunes.apple.com/us/genre/podcasts-religion-spirituality/id1314?mt=2&letter=*&page=4
religion_and_spirituality,https://itunes.apple.com/us/genre/podcasts-religion-spirituality/id1314?mt=2&letter=*&page=5
religion_and_spirituality,https://itunes.apple.com/us/genre/podcasts-religion-spirituality/id1314?mt=2&letter=*&page=6
science_and_medicine,https://itunes.apple.com/us/genre/podcasts-science-medicine/id1315?mt=2&letter=A&page=1
science_and_medicine,https://itunes.apple.com/us/genre/podcasts-science-medicine/id1315?mt=2&letter=B&page=1
science_and_medicine,https://itunes.apple.com/us/genre/podcasts-science-medicine/id1315?mt=2&letter=C&page=1
science_and_medicine,https://itunes.apple.com/us/genre/podcasts-science-medicine/id1315?mt=2&letter=M&page=1
science_and_medicine,https://itunes.apple.com/us/genre/podcasts-science-medicine/id1315?mt=2&letter=N&page=1
science_and_medicine,https://itunes.apple.com/us/genre/podcasts-science-medicine/id1315?mt=2&letter=P&page=1
science_and_medicine,https://itunes.apple.com/us/genre/podcasts-science-medicine/id1315?mt=2&letter=P&page=2
science_and_medicine,https://itunes.apple.com/us/genre/podcasts-science-medicine/id1315?mt=2&letter=S&page=1
science_and_medicine,https://itunes.apple.com/us/genre/podcasts-science-medicine/id1315?mt=2&letter=S&page=2
society_and_culture,https://itunes.apple.com/us/genre/podcasts-society-culture/id1324?mt=2&letter=A&page=1
society_and_culture,https://itunes.apple.com/us/genre/podcasts-society-culture/id1324?mt=2&letter=A&page=2
society_and_culture,https://itunes.apple.com/us/genre/podcasts-society-culture/id1324?mt=2&letter=A&page=3
society_and_culture,https://itunes.apple.com/us/genre/podcasts-society-culture/id1324?mt=2&letter=A&page=4
society_and_culture,https://itunes.apple.com/us/genre/podcasts-society-culture/id1324?mt=2&letter=A&page=5
society_and_culture,https://itunes.apple.com/us/genre/podcasts-society-culture/id1324?mt=2&letter=A&page=6
society_and_culture,https://itunes.apple.com/us/genre/podcasts-society-culture/id1324?mt=2&letter=B&page=1
society_and_culture,https://itunes.apple.com/us/genre/podcasts-society-culture/id1324?mt=2&letter=B&page=2
society_and_culture,https://itunes.apple.com/us/genre/podcasts-society-culture/id1324?mt=2&letter=B&page=3
society_and_culture,https://itunes.apple.com/us/genre/podcasts-society-culture/id1324?mt=2&letter=B&page=4
society_and_culture,https://itunes.apple.com/us/genre/podcasts-society-culture/id1324?mt=2&letter=B&page=5
society_and_culture,https://itunes.apple.com/us/genre/podcasts-society-culture/id1324?mt=2&letter=C&page=1
society_and_culture,https://itunes.apple.com/us/genre/podcasts-society-culture/id1324?mt=2&letter=C&page=2
society_and_culture,https://itunes.apple.com/us/genre/podcasts-society-culture/id1324?mt=2&letter=C&page=3
society_and_culture,https://itunes.apple.com/us/genre/podcasts-society-culture/id1324?mt=2&letter=C&page=4
society_and_culture,https://itunes.apple.com/us/genre/podcasts-society-culture/id1324?mt=2&letter=C&page=5
society_and_culture,https://itunes.apple.com/us/genre/podcasts-society-culture/id1324?mt=2&letter=C&page=6
society_and_culture,https://itunes.apple.com/us/genre/podcasts-society-culture/id1324?mt=2&letter=D&page=1
society_and_culture,https://itunes.apple.com/us/genre/podcasts-society-culture/id1324?mt=2&letter=D&page=2
society_and_culture,https://itunes.apple.com/us/genre/podcasts-society-culture/id1324?mt=2&letter=D&page=3
society_and_culture,https://itunes.apple.com/us/genre/podcasts-society-culture/id1324?mt=2&letter=D&page=4
society_and_culture,https://itunes.apple.com/us/genre/podcasts-society-culture/id1324?mt=2&letter=D&page=5
society_and_culture,https://itunes.apple.com/us/genre/podcasts-society-culture/id1324?mt=2&letter=E&page=1
society_and_culture,https://itunes.apple.com/us/genre/podcasts-society-culture/id1324?mt=2&letter=E&page=2
society_and_culture,https://itunes.apple.com/us/genre/podcasts-society-culture/id1324?mt=2&letter=F&page=1
society_and_culture,https://itunes.apple.com/us/genre/podcasts-society-culture/id1324?mt=2&letter=F&page=2
society_and_culture,https://itunes.apple.com/us/genre/podcasts-society-culture/id1324?mt=2&letter=F&page=3
society_and_culture,https://itunes.apple.com/us/genre/podcasts-society-culture/id1324?mt=2&letter=G&page=1
society_and_culture,https://itunes.apple.com/us/genre/podcasts-society-culture/id1324?mt=2&letter=G&page=2
society_and_culture,https://itunes.apple.com/us/genre/podcasts-society-culture/id1324?mt=2&letter=H&page=1
society_and_culture,https://itunes.apple.com/us/genre/podcasts-society-culture/id1324?mt=2&letter=H&page=2
society_and_culture,https://itunes.apple.com/us/genre/podcasts-society-culture/id1324?mt=2&letter=H&page=3
society_and_culture,https://itunes.apple.com/us/genre/podcasts-society-culture/id1324?mt=2&letter=I&page=1
society_and_culture,https://itunes.apple.com/us/genre/podcasts-society-culture/id1324?mt=2&letter=I&page=2
society_and_culture,https://itunes.apple.com/us/genre/podcasts-society-culture/id1324?mt=2&letter=J&page=1
society_and_culture,https://itunes.apple.com/us/genre/podcasts-society-culture/id1324?mt=2&letter=K&page=1
society_and_culture,https://itunes.apple.com/us/genre/podcasts-society-culture/id1324?mt=2&letter=L&page=1
society_and_culture,https://itunes.apple.com/us/genre/podcasts-society-culture/id1324?mt=2&letter=L&page=2
society_and_culture,https://itunes.apple.com/us/genre/podcasts-society-culture/id1324?mt=2&letter=L&page=3
society_and_culture,https://itunes.apple.com/us/genre/podcasts-society-culture/id1324?mt=2&letter=L&page=4
society_and_culture,https://itunes.apple.com/us/genre/podcasts-society-culture/id1324?mt=2&letter=L&page=5
society_and_culture,https://itunes.apple.com/us/genre/podcasts-society-culture/id1324?mt=2&letter=M&page=1
society_and_culture,https://itunes.apple.com/us/genre/podcasts-society-culture/id1324?mt=2&letter=M&page=2
society_and_culture,https://itunes.apple.com/us/genre/podcasts-society-culture/id1324?mt=2&letter=M&page=3
society_and_culture,https://itunes.apple.com/us/genre/podcasts-society-culture/id1324?mt=2&letter=M&page=4
society_and_culture,https://itunes.apple.com/us/genre/podcasts-society-culture/id1324?mt=2&letter=M&page=5
society_and_culture,https://itunes.apple.com/us/genre/podcasts-society-culture/id1324?mt=2&letter=M&page=6
society_and_culture,https://itunes.apple.com/us/genre/podcasts-society-culture/id1324?mt=2&letter=N&page=1
society_and_culture,https://itunes.apple.com/us/genre/podcasts-society-culture/id1324?mt=2&letter=N&page=2
society_and_culture,https://itunes.apple.com/us/genre/podcasts-society-culture/id1324?mt=2&letter=O&page=1
society_and_culture,https://itunes.apple.com/us/genre/podcasts-society-culture/id1324?mt=2&letter=O&page=2
society_and_culture,https://itunes.apple.com/us/genre/podcasts-society-culture/id1324?mt=2&letter=P&page=1
society_and_culture,https://itunes.apple.com/us/genre/podcasts-society-culture/id1324?mt=2&letter=P&page=2
society_and_culture,https://itunes.apple.com/us/genre/podcasts-society-culture/id1324?mt=2&letter=P&page=3
society_and_culture,https://itunes.apple.com/us/genre/podcasts-society-culture/id1324?mt=2&letter=P&page=4
society_and_culture,https://itunes.apple.com/us/genre/podcasts-society-culture/id1324?mt=2&letter=P&page=5
society_and_culture,https://itunes.apple.com/us/genre/podcasts-society-culture/id1324?mt=2&letter=P&page=6
society_and_culture,https://itunes.apple.com/us/genre/podcasts-society-culture/id1324?mt=2&letter=R&page=1
society_and_culture,https://itunes.apple.com/us/genre/podcasts-society-culture/id1324?mt=2&letter=R&page=2
society_and_culture,https://itunes.apple.com/us/genre/podcasts-society-culture/id1324?mt=2&letter=R&page=3
society_and_culture,https://itunes.apple.com/us/genre/podcasts-society-culture/id1324?mt=2&letter=R&page=4
society_and_culture,https://itunes.apple.com/us/genre/podcasts-society-culture/id1324?mt=2&letter=R&page=5
society_and_culture,https://itunes.apple.com/us/genre/podcasts-society-culture/id1324?mt=2&letter=R&page=6
society_and_culture,https://itunes.apple.com/us/genre/podcasts-society-culture/id1324?mt=2&letter=S&page=1
society_and_culture,https://itunes.apple.com/us/genre/podcasts-society-culture/id1324?mt=2&letter=S&page=2
society_and_culture,https://itunes.apple.com/us/genre/podcasts-society-culture/id1324?mt=2&letter=S&page=3
society_and_culture,https://itunes.apple.com/us/genre/podcasts-society-culture/id1324?mt=2&letter=S&page=4
society_and_culture,https://itunes.apple.com/us/genre/podcasts-society-culture/id1324?mt=2&letter=S&page=5
society_and_culture,https://itunes.apple.com/us/genre/podcasts-society-culture/id1324?mt=2&letter=S&page=6
society_and_culture,https://itunes.apple.com/us/genre/podcasts-society-culture/id1324?mt=2&letter=S&page=7
society_and_culture,https://itunes.apple.com/us/genre/podcasts-society-culture/id1324?mt=2&letter=S&page=8
society_and_culture,https://itunes.apple.com/us/genre/podcasts-society-culture/id1324?mt=2&letter=T&page=1
society_and_culture,https://itunes.apple.com/us/genre/podcasts-society-culture/id1324?mt=2&letter=T&page=2
society_and_culture,https://itunes.apple.com/us/genre/podcasts-society-culture/id1324?mt=2&letter=T&page=3
society_and_culture,https://itunes.apple.com/us/genre/podcasts-society-culture/id1324?mt=2&letter=T&page=4
society_and_culture,https://itunes.apple.com/us/genre/podcasts-society-culture/id1324?mt=2&letter=T&page=5
society_and_culture,https://itunes.apple.com/us/genre/podcasts-society-culture/id1324?mt=2&letter=T&page=6
society_and_culture,https://itunes.apple.com/us/genre/podcasts-society-culture/id1324?mt=2&letter=U&page=1
society_and_culture,https://itunes.apple.com/us/genre/podcasts-society-culture/id1324?mt=2&letter=V&page=1
society_and_culture,https://itunes.apple.com/us/genre/podcasts-society-culture/id1324?mt=2&letter=W&page=1
society_and_culture,https://itunes.apple.com/us/genre/podcasts-society-culture/id1324?mt=2&letter=W&page=2
society_and_culture,https://itunes.apple.com/us/genre/podcasts-society-culture/id1324?mt=2&letter=W&page=3
society_and_culture,https://itunes.apple.com/us/genre/podcasts-society-culture/id1324?mt=2&letter=*&page=1
society_and_culture,https://itunes.apple.com/us/genre/podcasts-society-culture/id1324?mt=2&letter=*&page=2
sports_and_recreation,https://itunes.apple.com/us/genre/podcasts-sports-recreation/id1316?mt=2&letter=A&page=1
sports_and_recreation,https://itunes.apple.com/us/genre/podcasts-sports-recreation/id1316?mt=2&letter=A&page=2
sports_and_recreation,https://itunes.apple.com/us/genre/podcasts-sports-recreation/id1316?mt=2&letter=B&page=1
sports_and_recreation,https://itunes.apple.com/us/genre/podcasts-sports-recreation/id1316?mt=2&letter=B&page=2
sports_and_recreation,https://itunes.apple.com/us/genre/podcasts-sports-recreation/id1316?mt=2&letter=B&page=3
sports_and_recreation,https://itunes.apple.com/us/genre/podcasts-sports-recreation/id1316?mt=2&letter=C&page=1
sports_and_recreation,https://itunes.apple.com/us/genre/podcasts-sports-recreation/id1316?mt=2&letter=C&page=2
sports_and_recreation,https://itunes.apple.com/us/genre/podcasts-sports-recreation/id1316?mt=2&letter=D&page=1
sports_and_recreation,https://itunes.apple.com/us/genre/podcasts-sports-recreation/id1316?mt=2&letter=E&page=1
sports_and_recreation,https://itunes.apple.com/us/genre/podcasts-sports-recreation/id1316?mt=2&letter=F&page=1
sports_and_recreation,https://itunes.apple.com/us/genre/podcasts-sports-recreation/id1316?mt=2&letter=F&page=2
sports_and_recreation,https://itunes.apple.com/us/genre/podcasts-sports-recreation/id1316?mt=2&letter=G&page=1
sports_and_recreation,https://itunes.apple.com/us/genre/podcasts-sports-recreation/id1316?mt=2&letter=H&page=1
sports_and_recreation,https://itunes.apple.com/us/genre/podcasts-sports-recreation/id1316?mt=2&letter=I&page=1
sports_and_recreation,https://itunes.apple.com/us/genre/podcasts-sports-recreation/id1316?mt=2&letter=J&page=1
sports_and_recreation,https://itunes.apple.com/us/genre/podcasts-sports-recreation/id1316?mt=2&letter=K&page=1
sports_and_recreation,https://itunes.apple.com/us/genre/podcasts-sports-recreation/id1316?mt=2&letter=L&page=1
sports_and_recreation,https://itunes.apple.com/us/genre/podcasts-sports-recreation/id1316?mt=2&letter=M&page=1
sports_and_recreation,https://itunes.apple.com/us/genre/podcasts-sports-recreation/id1316?mt=2&letter=M&page=2
sports_and_recreation,https://itunes.apple.com/us/genre/podcasts-sports-recreation/id1316?mt=2&letter=N&page=1
sports_and_recreation,https://itunes.apple.com/us/genre/podcasts-sports-recreation/id1316?mt=2&letter=O&page=1
sports_and_recreation,https://itunes.apple.com/us/genre/podcasts-sports-recreation/id1316?mt=2&letter=P&page=1
sports_and_recreation,https://itunes.apple.com/us/genre/podcasts-sports-recreation/id1316?mt=2&letter=P&page=2
sports_and_recreation,https://itunes.apple.com/us/genre/podcasts-sports-recreation/id1316?mt=2&letter=P&page=3
sports_and_recreation,https://itunes.apple.com/us/genre/podcasts-sports-recreation/id1316?mt=2&letter=R&page=1
sports_and_recreation,https://itunes.apple.com/us/genre/podcasts-sports-recreation/id1316?mt=2&letter=R&page=2
sports_and_recreation,https://itunes.apple.com/us/genre/podcasts-sports-recreation/id1316?mt=2&letter=S&page=1
sports_and_recreation,https://itunes.apple.com/us/genre/podcasts-sports-recreation/id1316?mt=2&letter=S&page=2
sports_and_recreation,https://itunes.apple.com/us/genre/podcasts-sports-recreation/id1316?mt=2&letter=S&page=3
sports_and_recreation,https://itunes.apple.com/us/genre/podcasts-sports-recreation/id1316?mt=2&letter=S&page=4
sports_and_recreation,https://itunes.apple.com/us/genre/podcasts-sports-recreation/id1316?mt=2&letter=S&page=5
sports_and_recreation,https://itunes.apple.com/us/genre/podcasts-sports-recreation/id1316?mt=2&letter=S&page=6
sports_and_recreation,https://itunes.apple.com/us/genre/podcasts-sports-recreation/id1316?mt=2&letter=T&page=1
sports_and_recreation,https://itunes.apple.com/us/genre/podcasts-sports-recreation/id1316?mt=2&letter=T&page=2
sports_and_recreation,https://itunes.apple.com/us/genre/podcasts-sports-recreation/id1316?mt=2&letter=T&page=3
sports_and_recreation,https://itunes.apple.com/us/genre/podcasts-sports-recreation/id1316?mt=2&letter=W&page=1
sports_and_recreation,https://itunes.apple.com/us/genre/podcasts-sports-recreation/id1316?mt=2&letter=W&page=2
sports_and_recreation,https://itunes.apple.com/us/genre/podcasts-sports-recreation/id1316?mt=2&letter=*&page=1
tv_and_film,https://itunes.apple.com/us/genre/podcasts-tv-film/id1309?mt=2&letter=A&page=1
tv_and_film,https://itunes.apple.com/us/genre/podcasts-tv-film/id1309?mt=2&letter=A&page=2
tv_and_film,https://itunes.apple.com/us/genre/podcasts-tv-film/id1309?mt=2&letter=A&page=3
tv_and_film,https://itunes.apple.com/us/genre/podcasts-tv-film/id1309?mt=2&letter=B&page=1
tv_and_film,https://itunes.apple.com/us/genre/podcasts-tv-film/id1309?mt=2&letter=B&page=2
tv_and_film,https://itunes.apple.com/us/genre/podcasts-tv-film/id1309?mt=2&letter=B&page=3
tv_and_film,https://itunes.apple.com/us/genre/podcasts-tv-film/id1309?mt=2&letter=C&page=1
tv_and_film,https://itunes.apple.com/us/genre/podcasts-tv-film/id1309?mt=2&letter=C&page=2
tv_and_film,https://itunes.apple.com/us/genre/podcasts-tv-film/id1309?mt=2&letter=C&page=3
tv_and_film,https://itunes.apple.com/us/genre/podcasts-tv-film/id1309?mt=2&letter=C&page=4
tv_and_film,https://itunes.apple.com/us/genre/podcasts-tv-film/id1309?mt=2&letter=C&page=5
tv_and_film,https://itunes.apple.com/us/genre/podcasts-tv-film/id1309?mt=2&letter=D&page=1
tv_and_film,https://itunes.apple.com/us/genre/podcasts-tv-film/id1309?mt=2&letter=D&page=2
tv_and_film,https://itunes.apple.com/us/genre/podcasts-tv-film/id1309?mt=2&letter=D&page=3
tv_and_film,https://itunes.apple.com/us/genre/podcasts-tv-film/id1309?mt=2&letter=E&page=1
tv_and_film,https://itunes.apple.com/us/genre/podcasts-tv-film/id1309?mt=2&letter=F&page=1
tv_and_film,https://itunes.apple.com/us/genre/podcasts-tv-film/id1309?mt=2&letter=F&page=2
tv_and_film,https://itunes.apple.com/us/genre/podcasts-tv-film/id1309?mt=2&letter=F&page=3
tv_and_film,https://itunes.apple.com/us/genre/podcasts-tv-film/id1309?mt=2&letter=G&page=1
tv_and_film,https://itunes.apple.com/us/genre/podcasts-tv-film/id1309?mt=2&letter=G&page=2
tv_and_film,https://itunes.apple.com/us/genre/podcasts-tv-film/id1309?mt=2&letter=H&page=1
tv_and_film,https://itunes.apple.com/us/genre/podcasts-tv-film/id1309?mt=2&letter=I&page=1
tv_and_film,https://itunes.apple.com/us/genre/podcasts-tv-film/id1309?mt=2&letter=J&page=1
tv_and_film,https://itunes.apple.com/us/genre/podcasts-tv-film/id1309?mt=2&letter=K&page=1
tv_and_film,https://itunes.apple.com/us/genre/podcasts-tv-film/id1309?mt=2&letter=L&page=1
tv_and_film,https://itunes.apple.com/us/genre/podcasts-tv-film/id1309?mt=2&letter=L&page=2
tv_and_film,https://itunes.apple.com/us/genre/podcasts-tv-film/id1309?mt=2&letter=M&page=1
tv_and_film,https://itunes.apple.com/us/genre/podcasts-tv-film/id1309?mt=2&letter=M&page=2
tv_and_film,https://itunes.apple.com/us/genre/podcasts-tv-film/id1309?mt=2&letter=M&page=3
tv_and_film,https://itunes.apple.com/us/genre/podcasts-tv-film/id1309?mt=2&letter=M&page=4
tv_and_film,https://itunes.apple.com/us/genre/podcasts-tv-film/id1309?mt=2&letter=M&page=5
tv_and_film,https://itunes.apple.com/us/genre/podcasts-tv-film/id1309?mt=2&letter=N&page=1
tv_and_film,https://itunes.apple.com/us/genre/podcasts-tv-film/id1309?mt=2&letter=N&page=2
tv_and_film,https://itunes.apple.com/us/genre/podcasts-tv-film/id1309?mt=2&letter=O&page=1
tv_and_film,https://itunes.apple.com/us/genre/podcasts-tv-film/id1309?mt=2&letter=P&page=1
tv_and_film,https://itunes.apple.com/us/genre/podcasts-tv-film/id1309?mt=2&letter=P&page=2
tv_and_film,https://itunes.apple.com/us/genre/podcasts-tv-film/id1309?mt=2&letter=P&page=3
tv_and_film,https://itunes.apple.com/us/genre/podcasts-tv-film/id1309?mt=2&letter=R&page=1
tv_and_film,https://itunes.apple.com/us/genre/podcasts-tv-film/id1309?mt=2&letter=R&page=2
tv_and_film,https://itunes.apple.com/us/genre/podcasts-tv-film/id1309?mt=2&letter=S&page=1
tv_and_film,https://itunes.apple.com/us/genre/podcasts-tv-film/id1309?mt=2&letter=S&page=2
tv_and_film,https://itunes.apple.com/us/genre/podcasts-tv-film/id1309?mt=2&letter=S&page=3
tv_and_film,https://itunes.apple.com/us/genre/podcasts-tv-film/id1309?mt=2&letter=S&page=4
tv_and_film,https://itunes.apple.com/us/genre/podcasts-tv-film/id1309?mt=2&letter=S&page=5
tv_and_film,https://itunes.apple.com/us/genre/podcasts-tv-film/id1309?mt=2&letter=S&page=6
tv_and_film,https://itunes.apple.com/us/genre/podcasts-tv-film/id1309?mt=2&letter=T&page=1
tv_and_film,https://itunes.apple.com/us/genre/podcasts-tv-film/id1309?mt=2&letter=T&page=2
tv_and_film,https://itunes.apple.com/us/genre/podcasts-tv-film/id1309?mt=2&letter=T&page=3
tv_and_film,https://itunes.apple.com/us/genre/podcasts-tv-film/id1309?mt=2&letter=T&page=4
tv_and_film,https://itunes.apple.com/us/genre/podcasts-tv-film/id1309?mt=2&letter=T&page=5
tv_and_film,https://itunes.apple.com/us/genre/podcasts-tv-film/id1309?mt=2&letter=T&page=6
tv_and_film,https://itunes.apple.com/us/genre/podcasts-tv-film/id1309?mt=2&letter=W&page=1
tv_and_film,https://itunes.apple.com/us/genre/podcasts-tv-film/id1309?mt=2&letter=W&page=2
tv_and_film,https://itunes.apple.com/us/genre/podcasts-tv-film/id1309?mt=2&letter=*&page=1
technology,https://itunes.apple.com/us/genre/podcasts-technology/id1318?mt=2&letter=A&page=1
technology,https://itunes.apple.com/us/genre/podcasts-technology/id1318?mt=2&letter=A&page=2
technology,https://itunes.apple.com/us/genre/podcasts-technology/id1318?mt=2&letter=A&page=3
technology,https://itunes.apple.com/us/genre/podcasts-technology/id1318?mt=2&letter=B&page=1
technology,https://itunes.apple.com/us/genre/podcasts-technology/id1318?mt=2&letter=B&page=2
technology,https://itunes.apple.com/us/genre/podcasts-technology/id1318?mt=2&letter=B&page=3
technology,https://itunes.apple.com/us/genre/podcasts-technology/id1318?mt=2&letter=C&page=1
technology,https://itunes.apple.com/us/genre/podcasts-technology/id1318?mt=2&letter=C&page=2
technology,https://itunes.apple.com/us/genre/podcasts-technology/id1318?mt=2&letter=C&page=3
technology,https://itunes.apple.com/us/genre/podcasts-technology/id1318?mt=2&letter=C&page=4
technology,https://itunes.apple.com/us/genre/podcasts-technology/id1318?mt=2&letter=C&page=5
technology,https://itunes.apple.com/us/genre/podcasts-technology/id1318?mt=2&letter=D&page=1
technology,https://itunes.apple.com/us/genre/podcasts-technology/id1318?mt=2&letter=D&page=2
technology,https://itunes.apple.com/us/genre/podcasts-technology/id1318?mt=2&letter=D&page=3
technology,https://itunes.apple.com/us/genre/podcasts-technology/id1318?mt=2&letter=E&page=1
technology,https://itunes.apple.com/us/genre/podcasts-technology/id1318?mt=2&letter=F&page=1
technology,https://itunes.apple.com/us/genre/podcasts-technology/id1318?mt=2&letter=F&page=2
technology,https://itunes.apple.com/us/genre/podcasts-technology/id1318?mt=2&letter=G&page=1
technology,https://itunes.apple.com/us/genre/podcasts-technology/id1318?mt=2&letter=G&page=2
technology,https://itunes.apple.com/us/genre/podcasts-technology/id1318?mt=2&letter=H&page=1
technology,https://itunes.apple.com/us/genre/podcasts-technology/id1318?mt=2&letter=I&page=1
technology,https://itunes.apple.com/us/genre/podcasts-technology/id1318?mt=2&letter=I&page=2
technology,https://itunes.apple.com/us/genre/podcasts-technology/id1318?mt=2&letter=J&page=1
technology,https://itunes.apple.com/us/genre/podcasts-technology/id1318?mt=2&letter=L&page=1
technology,https://itunes.apple.com/us/genre/podcasts-technology/id1318?mt=2&letter=L&page=2
technology,https://itunes.apple.com/us/genre/podcasts-technology/id1318?mt=2&letter=M&page=1
technology,https://itunes.apple.com/us/genre/podcasts-technology/id1318?mt=2&letter=M&page=2
technology,https://itunes.apple.com/us/genre/podcasts-technology/id1318?mt=2&letter=M&page=3
technology,https://itunes.apple.com/us/genre/podcasts-technology/id1318?mt=2&letter=N&page=1
technology,https://itunes.apple.com/us/genre/podcasts-technology/id1318?mt=2&letter=N&page=2
technology,https://itunes.apple.com/us/genre/podcasts-technology/id1318?mt=2&letter=O&page=1
technology,https://itunes.apple.com/us/genre/podcasts-technology/id1318?mt=2&letter=P&page=1
technology,https://itunes.apple.com/us/genre/podcasts-technology/id1318?mt=2&letter=P&page=2
technology,https://itunes.apple.com/us/genre/podcasts-technology/id1318?mt=2&letter=P&page=3
technology,https://itunes.apple.com/us/genre/podcasts-technology/id1318?mt=2&letter=P&page=4
technology,https://itunes.apple.com/us/genre/podcasts-technology/id1318?mt=2&letter=P&page=5
technology,https://itunes.apple.com/us/genre/podcasts-technology/id1318?mt=2&letter=R&page=1
technology,https://itunes.apple.com/us/genre/podcasts-technology/id1318?mt=2&letter=R&page=2
technology,https://itunes.apple.com/us/genre/podcasts-technology/id1318?mt=2&letter=S&page=1
technology,https://itunes.apple.com/us/genre/podcasts-technology/id1318?mt=2&letter=S&page=2
technology,https://itunes.apple.com/us/genre/podcasts-technology/id1318?mt=2&letter=S&page=3
technology,https://itunes.apple.com/us/genre/podcasts-technology/id1318?mt=2&letter=S&page=4
technology,https://itunes.apple.com/us/genre/podcasts-technology/id1318?mt=2&letter=S&page=5
technology,https://itunes.apple.com/us/genre/podcasts-technology/id1318?mt=2&letter=S&page=6
technology,https://itunes.apple.com/us/genre/podcasts-technology/id1318?mt=2&letter=T&page=1
technology,https://itunes.apple.com/us/genre/podcasts-technology/id1318?mt=2&letter=T&page=2
technology,https://itunes.apple.com/us/genre/podcasts-technology/id1318?mt=2&letter=T&page=3
technology,https://itunes.apple.com/us/genre/podcasts-technology/id1318?mt=2&letter=T&page=4
technology,https://itunes.apple.com/us/genre/podcasts-technology/id1318?mt=2&letter=T&page=5
technology,https://itunes.apple.com/us/genre/podcasts-technology/id1318?mt=2&letter=T&page=6
technology,https://itunes.apple.com/us/genre/podcasts-technology/id1318?mt=2&letter=T&page=7
technology,https://itunes.apple.com/us/genre/podcasts-technology/id1318?mt=2&letter=V&page=1
technology,https://itunes.apple.com/us/genre/podcasts-technology/id1318?mt=2&letter=W&page=1
technology,https://itunes.apple.com/us/genre/podcasts-technology/id1318?mt=2&letter=*&page=1
